Review,Positive,Negative,Neutral,Compound,Sentiment
hi,0.0,0.0,1.0,0.0,Neutral
peopl,0.0,0.0,1.0,0.0,Neutral
welcom,0.0,0.0,1.0,0.0,Neutral
back,0.0,0.0,1.0,0.0,Neutral
youtubechannel,0.0,0.0,1.0,0.0,Neutral
nanni,0.0,0.0,1.0,0.0,Neutral
desai,0.0,0.0,1.0,0.0,Neutral
itsoffici,0.0,0.0,1.0,0.0,Neutral
christma,0.0,0.0,1.0,0.0,Neutral
season,0.0,0.0,1.0,0.0,Neutral
hereand,0.0,0.0,1.0,0.0,Neutral
gon,0.0,0.0,1.0,0.0,Neutral
na,0.0,0.0,1.0,0.0,Neutral
see,0.0,0.0,1.0,0.0,Neutral
thischristma,0.0,0.0,1.0,0.0,Neutral
tree,0.0,0.0,1.0,0.0,Neutral
rest,0.0,0.0,1.0,0.0,Neutral
video,0.0,0.0,1.0,0.0,Neutral
andrest,0.0,0.0,1.0,0.0,Neutral
holiday,1.0,0.0,0.0,0.4019,Positive
seasonand,0.0,0.0,1.0,0.0,Neutral
im,0.0,0.0,1.0,0.0,Neutral
lazi,0.0,0.0,1.0,0.0,Neutral
take,0.0,0.0,1.0,0.0,Neutral
downuntil,0.0,0.0,1.0,0.0,Neutral
januari,0.0,0.0,1.0,0.0,Neutral
guess,0.0,0.0,1.0,0.0,Neutral
videosof,0.0,0.0,1.0,0.0,Neutral
januari,0.0,0.0,1.0,0.0,Neutral
cant,0.0,0.0,1.0,0.0,Neutral
help,1.0,0.0,0.0,0.4019,Positive
suck,0.0,1.0,0.0,-0.4404,Negative
atdecor,0.0,0.0,1.0,0.0,Neutral
tree,0.0,0.0,1.0,0.0,Neutral
yeahdont,0.0,0.0,1.0,0.0,Neutral
judg,0.0,0.0,1.0,0.0,Neutral
todaysvideo,0.0,0.0,1.0,0.0,Neutral
go,0.0,0.0,1.0,0.0,Neutral
review,0.0,0.0,1.0,0.0,Neutral
new,0.0,0.0,1.0,0.0,Neutral
tochina,0.0,0.0,1.0,0.0,Neutral
ultra,0.0,0.0,1.0,0.0,Neutral
sharedri,0.0,0.0,1.0,0.0,Neutral
touch,0.0,0.0,1.0,0.0,Neutral
sunblock,0.0,0.0,1.0,0.0,Neutral
spf,0.0,0.0,1.0,0.0,Neutral
plu,0.0,0.0,1.0,0.0,Neutral
wear,0.0,0.0,1.0,0.0,Neutral
gonnapoint,0.0,0.0,1.0,0.0,Neutral
everyth,0.0,0.0,1.0,0.0,Neutral
beeninclud,0.0,0.0,1.0,0.0,Neutral
sunscreenand,0.0,0.0,1.0,0.0,Neutral
actual,0.0,0.0,1.0,0.0,Neutral
work,0.0,0.0,1.0,0.0,Neutral
itactu,0.0,0.0,1.0,0.0,Neutral
dri,0.0,0.0,1.0,0.0,Neutral
touch,0.0,0.0,1.0,0.0,Neutral
notokay,0.0,0.0,1.0,0.0,Neutral
ive,0.0,0.0,1.0,0.0,Neutral
use,0.0,0.0,1.0,0.0,Neutral
like,1.0,0.0,0.0,0.3612,Positive
oneyear,0.0,0.0,1.0,0.0,Neutral
nice,1.0,0.0,0.0,0.4215,Positive
productbut,0.0,0.0,1.0,0.0,Neutral
owndrawback,0.0,0.0,1.0,0.0,Neutral
okay,1.0,0.0,0.0,0.2263,Positive
first,0.0,0.0,1.0,0.0,Neutral
oneth,0.0,0.0,1.0,0.0,Neutral
love,1.0,0.0,0.0,0.6369,Positive
product,0.0,0.0,1.0,0.0,Neutral
isthat,0.0,0.0,1.0,0.0,Neutral
itswat,0.0,0.0,1.0,0.0,Neutral
resist,0.0,0.0,1.0,0.0,Neutral
sweat,0.0,0.0,1.0,0.0,Neutral
resistantit,0.0,0.0,1.0,0.0,Neutral
summer,0.0,0.0,1.0,0.0,Neutral
season,0.0,0.0,1.0,0.0,Neutral
iam,0.0,0.0,1.0,0.0,Neutral
look,0.0,0.0,1.0,0.0,Neutral
sunscreen,0.0,0.0,1.0,0.0,Neutral
aresweat,0.0,0.0,1.0,0.0,Neutral
resist,0.0,0.0,1.0,0.0,Neutral
water,0.0,0.0,1.0,0.0,Neutral
resist,0.0,0.0,1.0,0.0,Neutral
andsecondli,0.0,0.0,1.0,0.0,Neutral
wont,0.0,0.0,1.0,0.0,Neutral
clog,0.0,0.0,1.0,0.0,Neutral
poresso,0.0,0.0,1.0,0.0,Neutral
think,0.0,0.0,1.0,0.0,Neutral
nice,1.0,0.0,0.0,0.4215,Positive
thing,0.0,0.0,1.0,0.0,Neutral
thatit,0.0,0.0,1.0,0.0,Neutral
wont,0.0,0.0,1.0,0.0,Neutral
clog,0.0,0.0,1.0,0.0,Neutral
poressinc,0.0,0.0,1.0,0.0,Neutral
makeup,0.0,0.0,1.0,0.0,Neutral
youar,0.0,0.0,1.0,0.0,Neutral
carri,0.0,0.0,1.0,0.0,Neutral
serum,0.0,0.0,1.0,0.0,Neutral
stuff,0.0,0.0,1.0,0.0,Neutral
soyou,0.0,0.0,1.0,0.0,Neutral
need,0.0,0.0,1.0,0.0,Neutral
sunscreen,0.0,0.0,1.0,0.0,Neutral
wont,0.0,0.0,1.0,0.0,Neutral
clogyour,0.0,0.0,1.0,0.0,Neutral
pore,0.0,0.0,1.0,0.0,Neutral
move,0.0,0.0,1.0,0.0,Neutral
third,0.0,0.0,1.0,0.0,Neutral
pointit,0.0,0.0,1.0,0.0,Neutral
oil,0.0,0.0,1.0,0.0,Neutral
free,1.0,0.0,0.0,0.5106,Positive
paraben,0.0,0.0,1.0,0.0,Neutral
free,1.0,0.0,0.0,0.5106,Positive
nowtalk,0.0,0.0,1.0,0.0,Neutral
itsspf,0.0,0.0,1.0,0.0,Neutral
spf,0.0,0.0,1.0,0.0,Neutral
think,0.0,0.0,1.0,0.0,Neutral
thatsthi,0.0,0.0,1.0,0.0,Neutral
main,0.0,0.0,1.0,0.0,Neutral
point,0.0,0.0,1.0,0.0,Neutral
whichi,0.0,0.0,1.0,0.0,Neutral
see,0.0,0.0,1.0,0.0,Neutral
sunscreen,0.0,0.0,1.0,0.0,Neutral
spfshould,0.0,0.0,1.0,0.0,Neutral
move,0.0,0.0,1.0,0.0,Neutral
see,0.0,0.0,1.0,0.0,Neutral
otherpoint,0.0,0.0,1.0,0.0,Neutral
spf,0.0,0.0,1.0,0.0,Neutral
lower,0.0,1.0,0.0,-0.296,Negative
thanth,0.0,0.0,1.0,0.0,Neutral
sunscreen,0.0,0.0,1.0,0.0,Neutral
probabl,0.0,0.0,1.0,0.0,Neutral
usealso,0.0,0.0,1.0,0.0,Neutral
stabil,0.0,0.0,1.0,0.0,Neutral
helioplexwhich,0.0,0.0,1.0,0.0,Neutral
thatit,0.0,0.0,1.0,0.0,Neutral
provid,0.0,0.0,1.0,0.0,Neutral
protect,1.0,0.0,0.0,0.3818,Positive
uvaand,0.0,0.0,1.0,0.0,Neutral
uvb,0.0,0.0,1.0,0.0,Neutral
raysa,0.0,0.0,1.0,0.0,Neutral
content,0.0,0.0,1.0,0.0,Neutral
say,0.0,0.0,1.0,0.0,Neutral
say,0.0,0.0,1.0,0.0,Neutral
itsdri,0.0,0.0,1.0,0.0,Neutral
touch,0.0,0.0,1.0,0.0,Neutral
sunlock,0.0,0.0,1.0,0.0,Neutral
read,0.0,0.0,1.0,0.0,Neutral
itsdri,0.0,0.0,1.0,0.0,Neutral
touchsunblock,0.0,0.0,1.0,0.0,Neutral
think,0.0,0.0,1.0,0.0,Neutral
actual,0.0,0.0,1.0,0.0,Neutral
dri,0.0,0.0,1.0,0.0,Neutral
outbuti,0.0,0.0,1.0,0.0,Neutral
dont,0.0,0.0,1.0,0.0,Neutral
know,0.0,0.0,1.0,0.0,Neutral
skincar,0.0,0.0,1.0,0.0,Neutral
umabout,0.0,0.0,1.0,0.0,Neutral
feel,0.0,0.0,1.0,0.0,Neutral
dryi,0.0,0.0,1.0,0.0,Neutral
mean,0.0,0.0,1.0,0.0,Neutral
ive,0.0,0.0,1.0,0.0,Neutral
use,0.0,0.0,1.0,0.0,Neutral
la,0.0,0.0,1.0,0.0,Neutral
shield,0.0,0.0,1.0,0.0,Neutral
andthi,0.0,0.0,1.0,0.0,Neutral
uh,0.0,0.0,1.0,0.0,Neutral
slightli,0.0,0.0,1.0,0.0,Neutral
morehydr,0.0,0.0,1.0,0.0,Neutral
andmor,0.0,0.0,1.0,0.0,Neutral
give,0.0,0.0,1.0,0.0,Neutral
shine,0.0,0.0,1.0,0.0,Neutral
face,0.0,0.0,1.0,0.0,Neutral
whichi,0.0,0.0,1.0,0.0,Neutral
plu,0.0,0.0,1.0,0.0,Neutral
point,0.0,0.0,1.0,0.0,Neutral
meso,0.0,0.0,1.0,0.0,Neutral
somebodi,0.0,0.0,1.0,0.0,Neutral
your,0.0,0.0,1.0,0.0,Neutral
ifyour,0.0,0.0,1.0,0.0,Neutral
oili,0.0,0.0,1.0,0.0,Neutral
skin,0.0,0.0,1.0,0.0,Neutral
youreal,0.0,0.0,1.0,0.0,Neutral
want,1.0,0.0,0.0,0.0772,Positive
tolook,0.0,0.0,1.0,0.0,Neutral
sunscreen,0.0,0.0,1.0,0.0,Neutral
dri,0.0,0.0,1.0,0.0,Neutral
touchi,0.0,0.0,1.0,0.0,Neutral
think,0.0,0.0,1.0,0.0,Neutral
onebecaus,0.0,0.0,1.0,0.0,Neutral
provid,0.0,0.0,1.0,0.0,Neutral
nice,1.0,0.0,0.0,0.4215,Positive
shineto,0.0,0.0,1.0,0.0,Neutral
face,0.0,0.0,1.0,0.0,Neutral
umnot,0.0,0.0,1.0,0.0,Neutral
greasi,0.0,0.0,1.0,0.0,Neutral
exactli,0.0,0.0,1.0,0.0,Neutral
reallymoisturizingand,0.0,0.0,1.0,0.0,Neutral
realli,0.0,0.0,1.0,0.0,Neutral
hydrat,0.0,0.0,1.0,0.0,Neutral
skin,0.0,0.0,1.0,0.0,Neutral
becausethi,0.0,0.0,1.0,0.0,Neutral
exactli,0.0,0.0,1.0,0.0,Neutral
matteor,0.0,0.0,1.0,0.0,Neutral
dri,0.0,0.0,1.0,0.0,Neutral
touch,0.0,0.0,1.0,0.0,Neutral
dont,0.0,0.0,1.0,0.0,Neutral
know,0.0,0.0,1.0,0.0,Neutral
haveinclud,0.0,0.0,1.0,0.0,Neutral
skin,0.0,0.0,1.0,0.0,Neutral
thatit,0.0,0.0,1.0,0.0,Neutral
shine,0.0,0.0,1.0,0.0,Neutral
bring,0.0,0.0,1.0,0.0,Neutral
glow,0.0,0.0,1.0,0.0,Neutral
myskineveri,0.0,0.0,1.0,0.0,Neutral
skin,0.0,0.0,1.0,0.0,Neutral
differ,0.0,0.0,1.0,0.0,Neutral
triedit,0.0,0.0,1.0,0.0,Neutral
skin,0.0,0.0,1.0,0.0,Neutral
ive,0.0,0.0,1.0,0.0,Neutral
use,0.0,0.0,1.0,0.0,Neutral
oneyear,0.0,0.0,1.0,0.0,Neutral
buty,0.0,0.0,1.0,0.0,Neutral
give,0.0,0.0,1.0,0.0,Neutral
nice,1.0,0.0,0.0,0.4215,Positive
glow,0.0,0.0,1.0,0.0,Neutral
myskin,0.0,0.0,1.0,0.0,Neutral
soon,0.0,0.0,1.0,0.0,Neutral
put,0.0,0.0,1.0,0.0,Neutral
itmi,0.0,0.0,1.0,0.0,Neutral
face,0.0,0.0,1.0,0.0,Neutral
glow,0.0,0.0,1.0,0.0,Neutral
differ,0.0,0.0,1.0,0.0,Neutral
meani,0.0,0.0,1.0,0.0,Neutral
dont,0.0,0.0,1.0,0.0,Neutral
need,0.0,0.0,1.0,0.0,Neutral
serum,0.0,0.0,1.0,0.0,Neutral
underneath,0.0,0.0,1.0,0.0,Neutral
donot,0.0,0.0,1.0,0.0,Neutral
put,0.0,0.0,1.0,0.0,Neutral
anyth,0.0,0.0,1.0,0.0,Neutral
underneath,0.0,0.0,1.0,0.0,Neutral
imgo,0.0,0.0,1.0,0.0,Neutral
outeven,0.0,0.0,1.0,0.0,Neutral
im,0.0,0.0,1.0,0.0,Neutral
home,0.0,0.0,1.0,0.0,Neutral
onlyproduct,0.0,0.0,1.0,0.0,Neutral
whichwhich,0.0,0.0,1.0,0.0,Neutral
sunscreen,0.0,0.0,1.0,0.0,Neutral
isnongreasi,0.0,0.0,1.0,0.0,Neutral
butalso,0.0,0.0,1.0,0.0,Neutral
give,0.0,0.0,1.0,0.0,Neutral
nice,1.0,0.0,0.0,0.4215,Positive
shine,0.0,0.0,1.0,0.0,Neutral
thinkif,0.0,0.0,1.0,0.0,Neutral
your,0.0,0.0,1.0,0.0,Neutral
somebodyif,0.0,0.0,1.0,0.0,Neutral
your,0.0,0.0,1.0,0.0,Neutral
somebodi,0.0,0.0,1.0,0.0,Neutral
dri,0.0,0.0,1.0,0.0,Neutral
skin,0.0,0.0,1.0,0.0,Neutral
orcombin,0.0,0.0,1.0,0.0,Neutral
skin,0.0,0.0,1.0,0.0,Neutral
think,0.0,0.0,1.0,0.0,Neutral
verynic,0.0,0.0,1.0,0.0,Neutral
tri,0.0,0.0,1.0,0.0,Neutral
youall,0.0,0.0,1.0,0.0,Neutral
skin,0.0,0.0,1.0,0.0,Neutral
type,0.0,0.0,1.0,0.0,Neutral
use,0.0,0.0,1.0,0.0,Neutral
inwint,0.0,0.0,1.0,0.0,Neutral
exactli,0.0,0.0,1.0,0.0,Neutral
dri,0.0,0.0,1.0,0.0,Neutral
touchuh,0.0,0.0,1.0,0.0,Neutral
skin,0.0,0.0,1.0,0.0,Neutral
tri,0.0,0.0,1.0,0.0,Neutral
outyourselfso,0.0,0.0,1.0,0.0,Neutral
your,0.0,0.0,1.0,0.0,Neutral
somebodi,0.0,0.0,1.0,0.0,Neutral
oili,0.0,0.0,1.0,0.0,Neutral
skin,0.0,0.0,1.0,0.0,Neutral
iwould,0.0,0.0,1.0,0.0,Neutral
recommend,1.0,0.0,0.0,0.3612,Positive
uhgo,0.0,0.0,1.0,0.0,Neutral
la,0.0,0.0,1.0,0.0,Neutral
shield,0.0,0.0,1.0,0.0,Neutral
sun,0.0,0.0,1.0,0.0,Neutral
crossspf,0.0,0.0,1.0,0.0,Neutral
sunscreen,0.0,0.0,1.0,0.0,Neutral
onebecaus,0.0,0.0,1.0,0.0,Neutral
reallyr,0.0,0.0,1.0,0.0,Neutral
dri,0.0,0.0,1.0,0.0,Neutral
touch,0.0,0.0,1.0,0.0,Neutral
one,0.0,0.0,1.0,0.0,Neutral
shouldappli,0.0,0.0,1.0,0.0,Neutral
everi,0.0,0.0,1.0,0.0,Neutral
sunscreen,0.0,0.0,1.0,0.0,Neutral
minutesbefor,0.0,0.0,1.0,0.0,Neutral
sun,0.0,0.0,1.0,0.0,Neutral
exposureso,0.0,0.0,1.0,0.0,Neutral
think,0.0,0.0,1.0,0.0,Neutral
applic,0.0,0.0,1.0,0.0,Neutral
canreappli,0.0,0.0,1.0,0.0,Neutral
sunscreen,0.0,0.0,1.0,0.0,Neutral
everi,0.0,0.0,1.0,0.0,Neutral
fiveto,0.0,0.0,1.0,0.0,Neutral
six,0.0,0.0,1.0,0.0,Neutral
hour,0.0,0.0,1.0,0.0,Neutral
depend,0.0,0.0,1.0,0.0,Neutral
onhow,0.0,0.0,1.0,0.0,Neutral
much,0.0,0.0,1.0,0.0,Neutral
your,0.0,0.0,1.0,0.0,Neutral
stay,0.0,0.0,1.0,0.0,Neutral
sun,0.0,0.0,1.0,0.0,Neutral
ifyour,0.0,0.0,1.0,0.0,Neutral
somebodi,0.0,0.0,1.0,0.0,Neutral
issu,0.0,0.0,1.0,0.0,Neutral
likefreckl,0.0,0.0,1.0,0.0,Neutral
pigment,0.0,0.0,1.0,0.0,Neutral
useit,0.0,0.0,1.0,0.0,Neutral
even,0.0,0.0,1.0,0.0,Neutral
your,0.0,0.0,1.0,0.0,Neutral
stay,0.0,0.0,1.0,0.0,Neutral
homebecaus,0.0,0.0,1.0,0.0,Neutral
light,0.0,0.0,1.0,0.0,Neutral
um,0.0,0.0,1.0,0.0,Neutral
phone,0.0,0.0,1.0,0.0,Neutral
screensour,0.0,0.0,1.0,0.0,Neutral
tv,0.0,0.0,1.0,0.0,Neutral
screen,0.0,0.0,1.0,0.0,Neutral
laptop,0.0,0.0,1.0,0.0,Neutral
also,0.0,0.0,1.0,0.0,Neutral
veryveri,0.0,0.0,1.0,0.0,Neutral
harmfulfor,0.0,0.0,1.0,0.0,Neutral
skin,0.0,0.0,1.0,0.0,Neutral
use,0.0,0.0,1.0,0.0,Neutral
asunscreeneven,0.0,0.0,1.0,0.0,Neutral
step,0.0,0.0,1.0,0.0,Neutral
sothat,0.0,0.0,1.0,0.0,Neutral
like,1.0,0.0,0.0,0.3612,Positive
ruleso,0.0,0.0,1.0,0.0,Neutral
yeah,1.0,0.0,0.0,0.296,Positive
id,0.0,0.0,1.0,0.0,Neutral
rate,0.0,0.0,1.0,0.0,Neutral
amazingso,0.0,0.0,1.0,0.0,Neutral
overal,0.0,0.0,1.0,0.0,Neutral
give,0.0,0.0,1.0,0.0,Neutral
thesunscreen,0.0,0.0,1.0,0.0,Neutral
becauseon,0.0,0.0,1.0,0.0,Neutral
point,0.0,0.0,1.0,0.0,Neutral
notic,0.0,0.0,1.0,0.0,Neutral
claimsto,0.0,0.0,1.0,0.0,Neutral
havelik,0.0,0.0,1.0,0.0,Neutral
non,0.0,0.0,1.0,0.0,Neutral
shini,0.0,0.0,1.0,0.0,Neutral
finish,0.0,0.0,1.0,0.0,Neutral
claimsthat,0.0,0.0,1.0,0.0,Neutral
wont,0.0,0.0,1.0,0.0,Neutral
bringani,0.0,0.0,1.0,0.0,Neutral
type,0.0,0.0,1.0,0.0,Neutral
shine,0.0,0.0,1.0,0.0,Neutral
face,0.0,0.0,1.0,0.0,Neutral
adri,0.0,0.0,1.0,0.0,Neutral
touch,0.0,0.0,1.0,0.0,Neutral
itsnot,0.0,0.0,1.0,0.0,Neutral
exactli,0.0,0.0,1.0,0.0,Neutral
dri,0.0,0.0,1.0,0.0,Neutral
touch,0.0,0.0,1.0,0.0,Neutral
realli,0.0,0.0,1.0,0.0,Neutral
bringsa,0.0,0.0,1.0,0.0,Neutral
nice,1.0,0.0,0.0,0.4215,Positive
shine,0.0,0.0,1.0,0.0,Neutral
facewhich,0.0,0.0,1.0,0.0,Neutral
take,0.0,0.0,1.0,0.0,Neutral
plu,0.0,0.0,1.0,0.0,Neutral
point,0.0,0.0,1.0,0.0,Neutral
formyself,0.0,0.0,1.0,0.0,Neutral
dont,0.0,0.0,1.0,0.0,Neutral
knowbut,0.0,0.0,1.0,0.0,Neutral
gener,0.0,0.0,1.0,0.0,Neutral
uh,0.0,0.0,1.0,0.0,Neutral
that,0.0,0.0,1.0,0.0,Neutral
could,0.0,0.0,1.0,0.0,Neutral
aplu,0.0,0.0,1.0,0.0,Neutral
point,0.0,0.0,1.0,0.0,Neutral
thatcould,0.0,0.0,1.0,0.0,Neutral
plu,0.0,0.0,1.0,0.0,Neutral
point,0.0,0.0,1.0,0.0,Neutral
ofyouso,0.0,0.0,1.0,0.0,Neutral
yeah,1.0,0.0,0.0,0.296,Positive
oili,0.0,0.0,1.0,0.0,Neutral
skin,0.0,0.0,1.0,0.0,Neutral
candefinit,0.0,0.0,1.0,0.0,Neutral
go,0.0,0.0,1.0,0.0,Neutral
onein,0.0,0.0,1.0,0.0,Neutral
winter,0.0,0.0,1.0,0.0,Neutral
dri,0.0,0.0,1.0,0.0,Neutral
skin,0.0,0.0,1.0,0.0,Neutral
orcombin,0.0,0.0,1.0,0.0,Neutral
skin,0.0,0.0,1.0,0.0,Neutral
goyou,0.0,0.0,1.0,0.0,Neutral
go,0.0,0.0,1.0,0.0,Neutral
throughout,0.0,0.0,1.0,0.0,Neutral
theseason,0.0,0.0,1.0,0.0,Neutral
like,1.0,0.0,0.0,0.3612,Positive
month,0.0,0.0,1.0,0.0,Neutral
youthi,0.0,0.0,1.0,0.0,Neutral
goat,0.0,0.0,1.0,0.0,Neutral
gotosunscreen,0.0,0.0,1.0,0.0,Neutral
love,1.0,0.0,0.0,0.6369,Positive
sunscreeni,0.0,0.0,1.0,0.0,Neutral
think,0.0,0.0,1.0,0.0,Neutral
would,0.0,0.0,1.0,0.0,Neutral
highli,0.0,0.0,1.0,0.0,Neutral
recommend,1.0,0.0,0.0,0.3612,Positive
itthank,0.0,0.0,1.0,0.0,Neutral
watch,0.0,0.0,1.0,0.0,Neutral
itand,0.0,0.0,1.0,0.0,Neutral
ill,0.0,1.0,0.0,-0.4215,Negative
see,0.0,0.0,1.0,0.0,Neutral
next,0.0,0.0,1.0,0.0,Neutral
productreview,0.0,0.0,1.0,0.0,Neutral
plea,0.0,0.0,1.0,0.0,Neutral
subscrib,0.0,0.0,1.0,0.0,Neutral
channeland,0.0,0.0,1.0,0.0,Neutral
follow,0.0,0.0,1.0,0.0,Neutral
instagram,0.0,0.0,1.0,0.0,Neutral
wasit,0.0,0.0,1.0,0.0,Neutral
today,0.0,0.0,1.0,0.0,Neutral
ill,0.0,1.0,0.0,-0.4215,Negative
see,0.0,0.0,1.0,0.0,Neutral
nextvideo,0.0,0.0,1.0,0.0,Neutral
byeneutrogena,0.0,0.0,1.0,0.0,Neutral
sunscreen,0.0,0.0,1.0,0.0,Neutral
review,0.0,0.0,1.0,0.0,Neutral
summerhey,0.0,0.0,1.0,0.0,Neutral
guy,0.0,0.0,1.0,0.0,Neutral
welcom,0.0,0.0,1.0,0.0,Neutral
channel,0.0,0.0,1.0,0.0,Neutral
today,0.0,0.0,1.0,0.0,Neutral
im,0.0,0.0,1.0,0.0,Neutral
go,0.0,0.0,1.0,0.0,Neutral
review,0.0,0.0,1.0,0.0,Neutral
test,0.0,0.0,1.0,0.0,Neutral
two,0.0,0.0,1.0,0.0,Neutral
sunscreensfrom,0.0,0.0,1.0,0.0,Neutral
neutrogena,0.0,0.0,1.0,0.0,Neutral
sensit,0.0,0.0,1.0,0.0,Neutral
skin,0.0,0.0,1.0,0.0,Neutral
one,0.0,0.0,1.0,0.0,Neutral
ultra,0.0,0.0,1.0,0.0,Neutral
sheer,0.0,0.0,1.0,0.0,Neutral
dri,0.0,0.0,1.0,0.0,Neutral
touchlet,0.0,0.0,1.0,0.0,Neutral
compar,0.0,0.0,1.0,0.0,Neutral
timeim,0.0,0.0,1.0,0.0,Neutral
go,0.0,0.0,1.0,0.0,Neutral
start,0.0,0.0,1.0,0.0,Neutral
neutrogena,0.0,0.0,1.0,0.0,Neutral
sensitiveskin,0.0,0.0,1.0,0.0,Neutral
sunscreen,0.0,0.0,1.0,0.0,Neutral
see,0.0,0.0,1.0,0.0,Neutral
consist,0.0,0.0,1.0,0.0,Neutral
sensit,0.0,0.0,1.0,0.0,Neutral
skin,0.0,0.0,1.0,0.0,Neutral
itsveri,0.0,0.0,1.0,0.0,Neutral
heavi,0.0,0.0,1.0,0.0,Neutral
take,0.0,0.0,1.0,0.0,Neutral
longer,0.0,0.0,1.0,0.0,Neutral
absorb,0.0,0.0,1.0,0.0,Neutral
one,0.0,0.0,1.0,0.0,Neutral
thing,0.0,0.0,1.0,0.0,Neutral
notic,0.0,0.0,1.0,0.0,Neutral
asunblock,0.0,0.0,1.0,0.0,Neutral
use,0.0,0.0,1.0,0.0,Neutral
moisturizerperson,0.0,0.0,1.0,0.0,Neutral
dont,0.0,0.0,1.0,0.0,Neutral
like,1.0,0.0,0.0,0.3612,Positive
kind,1.0,0.0,0.0,0.5267,Positive
messi,0.0,0.0,1.0,0.0,Neutral
greasi,0.0,0.0,1.0,0.0,Neutral
keep,0.0,0.0,1.0,0.0,Neutral
whiteresidu,0.0,0.0,1.0,0.0,Neutral
part,0.0,0.0,1.0,0.0,Neutral
face,0.0,0.0,1.0,0.0,Neutral
even,0.0,0.0,1.0,0.0,Neutral
tri,0.0,0.0,1.0,0.0,Neutral
best,1.0,0.0,0.0,0.6369,Positive
spread,0.0,0.0,1.0,0.0,Neutral
wellin,0.0,0.0,1.0,0.0,Neutral
gener,0.0,0.0,1.0,0.0,Neutral
sunblock,0.0,0.0,1.0,0.0,Neutral
favorit,0.0,0.0,1.0,0.0,Neutral
dont,0.0,0.0,1.0,0.0,Neutral
recommend,1.0,0.0,0.0,0.3612,Positive
use,0.0,0.0,1.0,0.0,Neutral
onyour,0.0,0.0,1.0,0.0,Neutral
face,0.0,0.0,1.0,0.0,Neutral
acn,0.0,0.0,1.0,0.0,Neutral
oili,0.0,0.0,1.0,0.0,Neutral
skinmi,0.0,0.0,1.0,0.0,Neutral
next,0.0,0.0,1.0,0.0,Neutral
review,0.0,0.0,1.0,0.0,Neutral
neutrogena,0.0,0.0,1.0,0.0,Neutral
ultra,0.0,0.0,1.0,0.0,Neutral
sheerdrytouch,0.0,0.0,1.0,0.0,Neutral
tell,0.0,0.0,1.0,0.0,Neutral
lightweight,0.0,0.0,1.0,0.0,Neutral
sunscreen,0.0,0.0,1.0,0.0,Neutral
iappli,0.0,0.0,1.0,0.0,Neutral
face,0.0,0.0,1.0,0.0,Neutral
see,0.0,0.0,1.0,0.0,Neutral
look,0.0,0.0,1.0,0.0,Neutral
feel,0.0,0.0,1.0,0.0,Neutral
clean,1.0,0.0,0.0,0.4019,Positive
white,0.0,0.0,1.0,0.0,Neutral
residu,0.0,0.0,1.0,0.0,Neutral
myskin,0.0,0.0,1.0,0.0,Neutral
get,0.0,0.0,1.0,0.0,Neutral
oili,0.0,0.0,1.0,0.0,Neutral
also,0.0,0.0,1.0,0.0,Neutral
absorb,0.0,0.0,1.0,0.0,Neutral
fastread,0.0,0.0,1.0,0.0,Neutral
activ,0.0,0.0,1.0,0.0,Neutral
ingredi,0.0,0.0,1.0,0.0,Neutral
neutrogena,0.0,0.0,1.0,0.0,Neutral
ultra,0.0,0.0,1.0,0.0,Neutral
sheeri,0.0,0.0,1.0,0.0,Neutral
chemic,0.0,0.0,1.0,0.0,Neutral
sunscreen,0.0,0.0,1.0,0.0,Neutral
meansyou,0.0,0.0,1.0,0.0,Neutral
appli,0.0,0.0,1.0,0.0,Neutral
sunscreen,0.0,0.0,1.0,0.0,Neutral
moistur,0.0,0.0,1.0,0.0,Neutral
wait,0.0,0.0,1.0,0.0,Neutral
minut,0.0,0.0,1.0,0.0,Neutral
sun,0.0,0.0,1.0,0.0,Neutral
exposurein,0.0,0.0,1.0,0.0,Neutral
opinion,0.0,0.0,1.0,0.0,Neutral
total,0.0,0.0,1.0,0.0,Neutral
recommend,1.0,0.0,0.0,0.3612,Positive
one,0.0,0.0,1.0,0.0,Neutral
forpeopl,0.0,0.0,1.0,0.0,Neutral
oili,0.0,0.0,1.0,0.0,Neutral
skin,0.0,0.0,1.0,0.0,Neutral
acn,0.0,0.0,1.0,0.0,Neutral
problem,0.0,1.0,0.0,-0.4019,Negative
gener,0.0,0.0,1.0,0.0,Neutral
im,0.0,0.0,1.0,0.0,Neutral
satisfi,0.0,0.0,1.0,0.0,Neutral
thissunscreenand,0.0,0.0,1.0,0.0,Neutral
final,0.0,0.0,1.0,0.0,Neutral
review,0.0,0.0,1.0,0.0,Neutral
two,0.0,0.0,1.0,0.0,Neutral
neutrogenasunscreensanyway,0.0,0.0,1.0,0.0,Neutral
todaythank,0.0,0.0,1.0,0.0,Neutral
much,0.0,0.0,1.0,0.0,Neutral
watch,0.0,0.0,1.0,0.0,Neutral
hope,1.0,0.0,0.0,0.4404,Positive
guy,0.0,0.0,1.0,0.0,Neutral
subscribethumb,0.0,0.0,1.0,0.0,Neutral
like,1.0,0.0,0.0,0.3612,Positive
videoand,0.0,0.0,1.0,0.0,Neutral
leav,0.0,0.0,1.0,0.0,Neutral
comment,0.0,0.0,1.0,0.0,Neutral
favorit,0.0,0.0,1.0,0.0,Neutral
neutrogena,0.0,0.0,1.0,0.0,Neutral
sunscreenmin,0.0,0.0,1.0,0.0,Neutral
ultra,0.0,0.0,1.0,0.0,Neutral
sheer,0.0,0.0,1.0,0.0,Neutral
see,0.0,0.0,1.0,0.0,Neutral
guy,0.0,0.0,1.0,0.0,Neutral
next,0.0,0.0,1.0,0.0,Neutral
timepura,0.0,0.0,1.0,0.0,Neutral
vidahello,0.0,0.0,1.0,0.0,Neutral
welcom,0.0,0.0,1.0,0.0,Neutral
back,0.0,0.0,1.0,0.0,Neutral
channel,0.0,0.0,1.0,0.0,Neutral
ihav,0.0,0.0,1.0,0.0,Neutral
headband,0.0,0.0,1.0,0.0,Neutral
appli,0.0,0.0,1.0,0.0,Neutral
asunscreenand,0.0,0.0,1.0,0.0,Neutral
see,0.0,0.0,1.0,0.0,Neutral
goe,0.0,0.0,1.0,0.0,Neutral
ithink,0.0,0.0,1.0,0.0,Neutral
mayb,0.0,0.0,1.0,0.0,Neutral
appli,0.0,0.0,1.0,0.0,Neutral
thissunscreen,0.0,0.0,1.0,0.0,Neutral
havent,0.0,0.0,1.0,0.0,Neutral
realli,0.0,0.0,1.0,0.0,Neutral
useditum,0.0,0.0,1.0,0.0,Neutral
neutrogena,0.0,0.0,1.0,0.0,Neutral
sensit,0.0,0.0,1.0,0.0,Neutral
skinminer,0.0,0.0,1.0,0.0,Neutral
sunscreen,0.0,0.0,1.0,0.0,Neutral
broad,0.0,0.0,1.0,0.0,Neutral
spectrum,0.0,0.0,1.0,0.0,Neutral
spf,0.0,0.0,1.0,0.0,Neutral
plusum,0.0,0.0,1.0,0.0,Neutral
titanium,0.0,0.0,1.0,0.0,Neutral
dioxid,0.0,0.0,1.0,0.0,Neutral
zincoxid,0.0,0.0,1.0,0.0,Neutral
itit,0.0,0.0,1.0,0.0,Neutral
doesnt,0.0,0.0,1.0,0.0,Neutral
realli,0.0,0.0,1.0,0.0,Neutral
make,0.0,0.0,1.0,0.0,Neutral
claim,0.0,0.0,1.0,0.0,Neutral
aboutb,0.0,0.0,1.0,0.0,Neutral
sheerum,0.0,0.0,1.0,0.0,Neutral
suppos,0.0,0.0,1.0,0.0,Neutral
sensitiveskinwhich,0.0,0.0,1.0,0.0,Neutral
honestli,0.0,0.0,1.0,0.0,Neutral
probabl,0.0,0.0,1.0,0.0,Neutral
better,1.0,0.0,0.0,0.4404,Positive
aminer,0.0,0.0,1.0,0.0,Neutral
sunscreen,0.0,0.0,1.0,0.0,Neutral
feel,0.0,0.0,1.0,0.0,Neutral
likethos,0.0,0.0,1.0,0.0,Neutral
one,0.0,0.0,1.0,0.0,Neutral
seeth,0.0,0.0,1.0,0.0,Neutral
somewhat,0.0,0.0,1.0,0.0,Neutral
ridicul,0.0,0.0,1.0,0.0,Neutral
claimsum,0.0,0.0,1.0,0.0,Neutral
quarter,0.0,0.0,1.0,0.0,Neutral
teaspoon,1.0,0.0,0.0,0.0516,Positive
soum,0.0,0.0,1.0,0.0,Neutral
face,0.0,0.0,1.0,0.0,Neutral
aresuppos,0.0,0.0,1.0,0.0,Neutral
use,0.0,0.0,1.0,0.0,Neutral
quarter,0.0,0.0,1.0,0.0,Neutral
teaspoon,1.0,0.0,0.0,0.0516,Positive
ofsunscreenum,0.0,0.0,1.0,0.0,Neutral
gener,0.0,0.0,1.0,0.0,Neutral
recommend,1.0,0.0,0.0,0.3612,Positive
got,0.0,0.0,1.0,0.0,Neutral
alittl,0.0,0.0,1.0,0.0,Neutral
bit,0.0,0.0,1.0,0.0,Neutral
much,0.0,0.0,1.0,0.0,Neutral
that,0.0,0.0,1.0,0.0,Neutral
aquart,0.0,0.0,1.0,0.0,Neutral
teaspoonyour,0.0,0.0,1.0,0.0,Neutral
recommend,1.0,0.0,0.0,0.3612,Positive
put,0.0,0.0,1.0,0.0,Neutral
anotherquart,0.0,0.0,1.0,0.0,Neutral
teaspoonon,0.0,0.0,1.0,0.0,Neutral
neck,0.0,0.0,1.0,0.0,Neutral
ear,0.0,0.0,1.0,0.0,Neutral
dont,0.0,0.0,1.0,0.0,Neutral
want,1.0,0.0,0.0,0.0772,Positive
toforgetthos,0.0,0.0,1.0,0.0,Neutral
area,0.0,0.0,1.0,0.0,Neutral
also,0.0,0.0,1.0,0.0,Neutral
around,0.0,0.0,1.0,0.0,Neutral
eyesth,0.0,0.0,1.0,0.0,Neutral
amount,0.0,0.0,1.0,0.0,Neutral
sunscreen,0.0,0.0,1.0,0.0,Neutral
your,0.0,0.0,1.0,0.0,Neutral
supposedto,0.0,0.0,1.0,0.0,Neutral
use,0.0,0.0,1.0,0.0,Neutral
get,0.0,0.0,1.0,0.0,Neutral
thespf,0.0,0.0,1.0,0.0,Neutral
bottl,0.0,0.0,1.0,0.0,Neutral
believ,0.0,0.0,1.0,0.0,Neutral
twomilligram,0.0,0.0,1.0,0.0,Neutral
per,0.0,0.0,1.0,0.0,Neutral
centimet,0.0,0.0,1.0,0.0,Neutral
squaredi,0.0,0.0,1.0,0.0,Neutral
feel,0.0,0.0,1.0,0.0,Neutral
like,1.0,0.0,0.0,0.3612,Positive
look,0.0,0.0,1.0,0.0,Neutral
sothat,0.0,0.0,1.0,0.0,Neutral
make,0.0,0.0,1.0,0.0,Neutral
sure,1.0,0.0,0.0,0.3182,Positive
im,0.0,0.0,1.0,0.0,Neutral
actuallysay,0.0,0.0,1.0,0.0,Neutral
correct,0.0,0.0,1.0,0.0,Neutral
amountbut,0.0,0.0,1.0,0.0,Neutral
that,0.0,0.0,1.0,0.0,Neutral
think,0.0,0.0,1.0,0.0,Neutral
isso,0.0,0.0,1.0,0.0,Neutral
nontint,0.0,0.0,1.0,0.0,Neutral
miner,0.0,0.0,1.0,0.0,Neutral
sunscreengener,0.0,0.0,1.0,0.0,Neutral
expectther,0.0,0.0,1.0,0.0,Neutral
type,0.0,0.0,1.0,0.0,Neutral
white,0.0,0.0,1.0,0.0,Neutral
cast,0.0,0.0,1.0,0.0,Neutral
isuppos,0.0,0.0,1.0,0.0,Neutral
umsinc,0.0,0.0,1.0,0.0,Neutral
fair,1.0,0.0,0.0,0.3182,Positive
skin,0.0,0.0,1.0,0.0,Neutral
tone,0.0,0.0,1.0,0.0,Neutral
iguess,0.0,0.0,1.0,0.0,Neutral
like,1.0,0.0,0.0,0.3612,Positive
haveit,0.0,0.0,1.0,0.0,Neutral
blend,0.0,0.0,1.0,0.0,Neutral
skinokay,0.0,0.0,1.0,0.0,Neutral
got,0.0,0.0,1.0,0.0,Neutral
isth,0.0,0.0,1.0,0.0,Neutral
extra,0.0,0.0,1.0,0.0,Neutral
iwip,0.0,0.0,1.0,0.0,Neutral
beginningand,0.0,0.0,1.0,0.0,Neutral
honestli,0.0,0.0,1.0,0.0,Neutral
might,0.0,0.0,1.0,0.0,Neutral
smaller,0.0,0.0,1.0,0.0,Neutral
facethan,0.0,0.0,1.0,0.0,Neutral
quarter,0.0,0.0,1.0,0.0,Neutral
teaspoonlik,0.0,0.0,1.0,0.0,Neutral
recommend,1.0,0.0,0.0,0.3612,Positive
technic,0.0,0.0,1.0,0.0,Neutral
fourumbut,0.0,0.0,1.0,0.0,Neutral
purpos,0.0,0.0,1.0,0.0,Neutral
video,0.0,0.0,1.0,0.0,Neutral
wantedtoshow,0.0,0.0,1.0,0.0,Neutral
quarter,0.0,0.0,1.0,0.0,Neutral
teaspoon,1.0,0.0,0.0,0.0516,Positive
lookslikesinc,0.0,0.0,1.0,0.0,Neutral
recommend,1.0,0.0,0.0,0.3612,Positive
amountof,0.0,0.0,1.0,0.0,Neutral
sunscreen,0.0,0.0,1.0,0.0,Neutral
useand,0.0,0.0,1.0,0.0,Neutral
im,0.0,0.0,1.0,0.0,Neutral
gon,0.0,0.0,1.0,0.0,Neutral
na,0.0,0.0,1.0,0.0,Neutral
rub,0.0,0.0,1.0,0.0,Neutral
alittl,0.0,0.0,1.0,0.0,Neutral
ill,0.0,1.0,0.0,-0.4215,Negative
probabl,0.0,0.0,1.0,0.0,Neutral
letit,0.0,0.0,1.0,0.0,Neutral
sitfor,0.0,0.0,1.0,0.0,Neutral
littl,0.0,0.0,1.0,0.0,Neutral
bit,0.0,0.0,1.0,0.0,Neutral
see,0.0,0.0,1.0,0.0,Neutral
sinkin,0.0,0.0,1.0,0.0,Neutral
allit,0.0,0.0,1.0,0.0,Neutral
um,0.0,0.0,1.0,0.0,Neutral
like,1.0,0.0,0.0,0.3612,Positive
nicelotioni,0.0,0.0,1.0,0.0,Neutral
textur,0.0,0.0,1.0,0.0,Neutral
mayb,0.0,0.0,1.0,0.0,Neutral
littlebit,0.0,0.0,1.0,0.0,Neutral
sunscreen,0.0,0.0,1.0,0.0,Neutral
scentum,0.0,0.0,1.0,0.0,Neutral
like,1.0,0.0,0.0,0.3612,Positive
hard,0.0,1.0,0.0,-0.1027,Negative
rub,0.0,0.0,1.0,0.0,Neutral
aroundor,0.0,0.0,1.0,0.0,Neutral
anyth,0.0,0.0,1.0,0.0,Neutral
like,1.0,0.0,0.0,0.3612,Positive
umi,0.0,0.0,1.0,0.0,Neutral
dont,0.0,0.0,1.0,0.0,Neutral
feel,0.0,0.0,1.0,0.0,Neutral
start,0.0,0.0,1.0,0.0,Neutral
pill,0.0,0.0,1.0,0.0,Neutral
umokay,0.0,0.0,1.0,0.0,Neutral
that,0.0,0.0,1.0,0.0,Neutral
sunscreen,0.0,0.0,1.0,0.0,Neutral
facei,0.0,0.0,1.0,0.0,Neutral
definit,0.0,0.0,1.0,0.0,Neutral
tell,0.0,0.0,1.0,0.0,Neutral
myhand,0.0,0.0,1.0,0.0,Neutral
soum,0.0,0.0,1.0,0.0,Neutral
that,0.0,0.0,1.0,0.0,Neutral
someth,0.0,0.0,1.0,0.0,Neutral
keep,0.0,0.0,1.0,0.0,Neutral
mind,0.0,0.0,1.0,0.0,Neutral
whenyour,0.0,0.0,1.0,0.0,Neutral
appli,0.0,0.0,1.0,0.0,Neutral
sunscreen,0.0,0.0,1.0,0.0,Neutral
isum,0.0,0.0,1.0,0.0,Neutral
know,0.0,0.0,1.0,0.0,Neutral
want,1.0,0.0,0.0,0.0772,Positive
get,0.0,0.0,1.0,0.0,Neutral
enough,0.0,0.0,1.0,0.0,Neutral
onyour,0.0,0.0,1.0,0.0,Neutral
face,0.0,0.0,1.0,0.0,Neutral
your,0.0,0.0,1.0,0.0,Neutral
appli,0.0,0.0,1.0,0.0,Neutral
withyour,0.0,0.0,1.0,0.0,Neutral
hand,1.0,0.0,0.0,0.4939,Positive
like,1.0,0.0,0.0,0.3612,Positive
probabl,0.0,0.0,1.0,0.0,Neutral
areum,0.0,0.0,1.0,0.0,Neutral
like,1.0,0.0,0.0,0.3612,Positive
go,0.0,0.0,1.0,0.0,Neutral
yourhand,0.0,0.0,1.0,0.0,Neutral
that,0.0,0.0,1.0,0.0,Neutral
part,0.0,0.0,1.0,0.0,Neutral
thing,0.0,0.0,1.0,0.0,Neutral
thatyou,0.0,0.0,1.0,0.0,Neutral
want,1.0,0.0,0.0,0.0772,Positive
keep,0.0,0.0,1.0,0.0,Neutral
mind,0.0,0.0,1.0,0.0,Neutral
yourethink,0.0,0.0,1.0,0.0,Neutral
much,0.0,0.0,1.0,0.0,Neutral
your,0.0,0.0,1.0,0.0,Neutral
applyingum,0.0,0.0,1.0,0.0,Neutral
like,1.0,0.0,0.0,0.3612,Positive
said,0.0,0.0,1.0,0.0,Neutral
quarterteaspoon,0.0,0.0,1.0,0.0,Neutral
might,0.0,0.0,1.0,0.0,Neutral
littl,0.0,0.0,1.0,0.0,Neutral
bit,0.0,0.0,1.0,0.0,Neutral
much,0.0,0.0,1.0,0.0,Neutral
form,0.0,0.0,1.0,0.0,Neutral
umi,0.0,0.0,1.0,0.0,Neutral
dont,0.0,0.0,1.0,0.0,Neutral
know,0.0,0.0,1.0,0.0,Neutral
hard,0.0,1.0,0.0,-0.1027,Negative
know,0.0,0.0,1.0,0.0,Neutral
exactlyhow,0.0,0.0,1.0,0.0,Neutral
big,0.0,0.0,1.0,0.0,Neutral
face,0.0,0.0,1.0,0.0,Neutral
isum,0.0,0.0,1.0,0.0,Neutral
realli,0.0,0.0,1.0,0.0,Neutral
enjoy,1.0,0.0,0.0,0.4939,Positive
lab,0.0,0.0,1.0,0.0,Neutral
muffinbeauti,0.0,0.0,1.0,0.0,Neutral
scienc,0.0,0.0,1.0,0.0,Neutral
think,0.0,0.0,1.0,0.0,Neutral
channeland,0.0,0.0,1.0,0.0,Neutral
she,0.0,0.0,1.0,0.0,Neutral
actual,0.0,0.0,1.0,0.0,Neutral
like,1.0,0.0,0.0,0.3612,Positive
measur,0.0,0.0,1.0,0.0,Neutral
herfac,0.0,0.0,1.0,0.0,Neutral
think,0.0,0.0,1.0,0.0,Neutral
found,0.0,0.0,1.0,0.0,Neutral
shene,0.0,0.0,1.0,0.0,Neutral
le,0.0,0.0,1.0,0.0,Neutral
quarter,0.0,0.0,1.0,0.0,Neutral
teaspoonbi,0.0,0.0,1.0,0.0,Neutral
quit,0.0,0.0,1.0,0.0,Neutral
fair,1.0,0.0,0.0,0.3182,Positive
amount,0.0,0.0,1.0,0.0,Neutral
havea,0.0,0.0,1.0,0.0,Neutral
smaller,0.0,0.0,1.0,0.0,Neutral
faceor,0.0,0.0,1.0,0.0,Neutral
like,1.0,0.0,0.0,0.3612,Positive
similar,0.0,0.0,1.0,0.0,Neutral
face,0.0,0.0,1.0,0.0,Neutral
size,0.0,0.0,1.0,0.0,Neutral
thati,0.0,0.0,1.0,0.0,Neutral
think,0.0,0.0,1.0,0.0,Neutral
reason,0.0,0.0,1.0,0.0,Neutral
assumethat,0.0,0.0,1.0,0.0,Neutral
amount,0.0,0.0,1.0,0.0,Neutral
end,0.0,0.0,1.0,0.0,Neutral
yourhandsfrom,0.0,0.0,1.0,0.0,Neutral
rub,0.0,0.0,1.0,0.0,Neutral
may,0.0,0.0,1.0,0.0,Neutral
kind,1.0,0.0,0.0,0.5267,Positive
cover,0.0,0.0,1.0,0.0,Neutral
forth,0.0,0.0,1.0,0.0,Neutral
amount,0.0,0.0,1.0,0.0,Neutral
dont,0.0,0.0,1.0,0.0,Neutral
need,0.0,0.0,1.0,0.0,Neutral
yourfaceum,0.0,0.0,1.0,0.0,Neutral
regardless,0.0,0.0,1.0,0.0,Neutral
alway,0.0,0.0,1.0,0.0,Neutral
probablybett,0.0,0.0,1.0,0.0,Neutral
tolean,0.0,0.0,1.0,0.0,Neutral
toward,0.0,0.0,1.0,0.0,Neutral
littl,0.0,0.0,1.0,0.0,Neutral
bit,0.0,0.0,1.0,0.0,Neutral
alittl,0.0,0.0,1.0,0.0,Neutral
bit,0.0,0.0,1.0,0.0,Neutral
le,0.0,0.0,1.0,0.0,Neutral
she,0.0,0.0,1.0,0.0,Neutral
allsh,0.0,0.0,1.0,0.0,Neutral
also,0.0,0.0,1.0,0.0,Neutral
talk,0.0,0.0,1.0,0.0,Neutral
wellobvi,0.0,0.0,1.0,0.0,Neutral
best,1.0,0.0,0.0,0.6369,Positive
sunscreen,0.0,0.0,1.0,0.0,Neutral
one,0.0,0.0,1.0,0.0,Neutral
thatyoul,0.0,0.0,1.0,0.0,Neutral
wearand,0.0,0.0,1.0,0.0,Neutral
appli,0.0,0.0,1.0,0.0,Neutral
much,0.0,0.0,1.0,0.0,Neutral
potentiallycaus,0.0,0.0,1.0,0.0,Neutral
problem,0.0,1.0,0.0,-0.4019,Negative
wellum,0.0,0.0,1.0,0.0,Neutral
know,0.0,0.0,1.0,0.0,Neutral
your,0.0,0.0,1.0,0.0,Neutral
wastingmoney,0.0,0.0,1.0,0.0,Neutral
point,0.0,0.0,1.0,0.0,Neutral
umbi,0.0,0.0,1.0,0.0,Neutral
appli,0.0,0.0,1.0,0.0,Neutral
much,0.0,0.0,1.0,0.0,Neutral
sunscreen,0.0,0.0,1.0,0.0,Neutral
andyour,0.0,0.0,1.0,0.0,Neutral
lose,0.0,1.0,0.0,-0.4019,Negative
um,0.0,0.0,1.0,0.0,Neutral
cosmeticeleg,0.0,0.0,1.0,0.0,Neutral
sit,0.0,0.0,1.0,0.0,Neutral
skinso,0.0,0.0,1.0,0.0,Neutral
may,0.0,0.0,1.0,0.0,Neutral
make,0.0,0.0,1.0,0.0,Neutral
may,0.0,0.0,1.0,0.0,Neutral
makey,0.0,0.0,1.0,0.0,Neutral
le,0.0,0.0,1.0,0.0,Neutral
like,1.0,0.0,0.0,0.3612,Positive
tous,0.0,0.0,1.0,0.0,Neutral
um,0.0,0.0,1.0,0.0,Neutral
know,0.0,0.0,1.0,0.0,Neutral
wholevideo,0.0,0.0,1.0,0.0,Neutral
talk,0.0,0.0,1.0,0.0,Neutral
like,1.0,0.0,0.0,0.3612,Positive
youshouldnt,0.0,0.0,1.0,0.0,Neutral
applytoo,0.0,0.0,1.0,0.0,Neutral
much,0.0,0.0,1.0,0.0,Neutral
sunscreen,0.0,0.0,1.0,0.0,Neutral
either,0.0,0.0,1.0,0.0,Neutral
cantoff,0.0,0.0,1.0,0.0,Neutral
top,1.0,0.0,0.0,0.2023,Positive
head,0.0,0.0,1.0,0.0,Neutral
think,0.0,0.0,1.0,0.0,Neutral
theother,0.0,0.0,1.0,0.0,Neutral
thing,0.0,0.0,1.0,0.0,Neutral
shediscuss,0.0,0.0,1.0,0.0,Neutral
um,0.0,0.0,1.0,0.0,Neutral
dont,0.0,0.0,1.0,0.0,Neutral
know,0.0,0.0,1.0,0.0,Neutral
itspotenti,0.0,0.0,1.0,0.0,Neutral
like,1.0,0.0,0.0,0.3612,Positive
liketransf,0.0,0.0,1.0,0.0,Neutral
face,0.0,0.0,1.0,0.0,Neutral
toomuch,0.0,0.0,1.0,0.0,Neutral
faceum,0.0,0.0,1.0,0.0,Neutral
um,0.0,0.0,1.0,0.0,Neutral
here,0.0,0.0,1.0,0.0,Neutral
extra,0.0,0.0,1.0,0.0,Neutral
amount,0.0,0.0,1.0,0.0,Neutral
ididnt,0.0,0.0,1.0,0.0,Neutral
appli,0.0,0.0,1.0,0.0,Neutral
face,0.0,0.0,1.0,0.0,Neutral
ioverfil,0.0,0.0,1.0,0.0,Neutral
theteaspoon,0.0,0.0,1.0,0.0,Neutral
soit,0.0,0.0,1.0,0.0,Neutral
definit,0.0,0.0,1.0,0.0,Neutral
like,1.0,0.0,0.0,0.3612,Positive
nice,1.0,0.0,0.0,0.4215,Positive
textur,0.0,0.0,1.0,0.0,Neutral
ithink,0.0,0.0,1.0,0.0,Neutral
icould,0.0,0.0,1.0,0.0,Neutral
rub,0.0,0.0,1.0,0.0,Neutral
like,1.0,0.0,0.0,0.3612,Positive
littl,0.0,0.0,1.0,0.0,Neutral
bitless,0.0,0.0,1.0,0.0,Neutral
rub,0.0,0.0,1.0,0.0,Neutral
um,0.0,0.0,1.0,0.0,Neutral
would,0.0,0.0,1.0,0.0,Neutral
keep,0.0,0.0,1.0,0.0,Neutral
alittl,0.0,0.0,1.0,0.0,Neutral
bit,0.0,0.0,1.0,0.0,Neutral
nicer,1.0,0.0,0.0,0.4404,Positive
textur,0.0,0.0,1.0,0.0,Neutral
becauseitsit,0.0,0.0,1.0,0.0,Neutral
almost,0.0,0.0,1.0,0.0,Neutral
get,0.0,0.0,1.0,0.0,Neutral
littl,0.0,0.0,1.0,0.0,Neutral
bit,0.0,0.0,1.0,0.0,Neutral
italmost,0.0,0.0,1.0,0.0,Neutral
lose,0.0,1.0,0.0,-0.4019,Negative
eleg,0.0,0.0,1.0,0.0,Neutral
yourub,0.0,0.0,1.0,0.0,Neutral
cant,0.0,0.0,1.0,0.0,Neutral
describ,0.0,0.0,1.0,0.0,Neutral
exactli,0.0,0.0,1.0,0.0,Neutral
howso,0.0,0.0,1.0,0.0,Neutral
itmi,0.0,0.0,1.0,0.0,Neutral
two,0.0,0.0,1.0,0.0,Neutral
hand,1.0,0.0,0.0,0.4939,Positive
comparison,0.0,0.0,1.0,0.0,Neutral
cankind,0.0,0.0,1.0,0.0,Neutral
seeth,0.0,0.0,1.0,0.0,Neutral
white,0.0,0.0,1.0,0.0,Neutral
cast,0.0,0.0,1.0,0.0,Neutral
hand,1.0,0.0,0.0,0.4939,Positive
um,0.0,0.0,1.0,0.0,Neutral
theredefinit,0.0,0.0,1.0,0.0,Neutral
littl,0.0,0.0,1.0,0.0,Neutral
bit,0.0,0.0,1.0,0.0,Neutral
meit,0.0,0.0,1.0,0.0,Neutral
kind,1.0,0.0,0.0,0.5267,Positive
like,1.0,0.0,0.0,0.3612,Positive
pinkishtint,0.0,0.0,1.0,0.0,Neutral
think,0.0,0.0,1.0,0.0,Neutral
skinso,0.0,0.0,1.0,0.0,Neutral
straight,1.0,0.0,0.0,0.2263,Positive
bati,0.0,0.0,1.0,0.0,Neutral
dont,0.0,0.0,1.0,0.0,Neutral
know,0.0,0.0,1.0,0.0,Neutral
nanozinc,0.0,0.0,1.0,0.0,Neutral
oxid,0.0,0.0,1.0,0.0,Neutral
itbut,0.0,0.0,1.0,0.0,Neutral
white,0.0,0.0,1.0,0.0,Neutral
cast,0.0,0.0,1.0,0.0,Neutral
doesnt,0.0,0.0,1.0,0.0,Neutral
look,0.0,0.0,1.0,0.0,Neutral
badfor,0.0,0.0,1.0,0.0,Neutral
spf,0.0,0.0,1.0,0.0,Neutral
plusminer,0.0,0.0,1.0,0.0,Neutral
sunscreen,0.0,0.0,1.0,0.0,Neutral
um,0.0,0.0,1.0,0.0,Neutral
obvious,0.0,0.0,1.0,0.0,Neutral
likethi,0.0,0.0,1.0,0.0,Neutral
isnt,0.0,0.0,1.0,0.0,Neutral
good,1.0,0.0,0.0,0.4404,Positive
like,1.0,0.0,0.0,0.3612,Positive
good,1.0,0.0,0.0,0.4404,Positive
tohav,0.0,0.0,1.0,0.0,Neutral
white,0.0,0.0,1.0,0.0,Neutral
gasbut,0.0,0.0,1.0,0.0,Neutral
um,0.0,0.0,1.0,0.0,Neutral
worstthat,0.0,0.0,1.0,0.0,Neutral
ive,0.0,0.0,1.0,0.0,Neutral
seen,0.0,0.0,1.0,0.0,Neutral
im,0.0,0.0,1.0,0.0,Neutral
go,0.0,0.0,1.0,0.0,Neutral
let,0.0,0.0,1.0,0.0,Neutral
sinkin,0.0,0.0,1.0,0.0,Neutral
littl,0.0,0.0,1.0,0.0,Neutral
bit,0.0,0.0,1.0,0.0,Neutral
im,0.0,0.0,1.0,0.0,Neutral
go,0.0,0.0,1.0,0.0,Neutral
gocheck,0.0,0.0,1.0,0.0,Neutral
mirror,0.0,0.0,1.0,0.0,Neutral
see,0.0,0.0,1.0,0.0,Neutral
anylik,0.0,0.0,1.0,0.0,Neutral
streak,0.0,0.0,1.0,0.0,Neutral
need,0.0,0.0,1.0,0.0,Neutral
blend,0.0,0.0,1.0,0.0,Neutral
alittl,0.0,0.0,1.0,0.0,Neutral
bit,0.0,0.0,1.0,0.0,Neutral
betterand,0.0,0.0,1.0,0.0,Neutral
come,0.0,0.0,1.0,0.0,Neutral
back,0.0,0.0,1.0,0.0,Neutral
see,0.0,0.0,1.0,0.0,Neutral
whatit,0.0,0.0,1.0,0.0,Neutral
look,0.0,0.0,1.0,0.0,Neutral
like,1.0,0.0,0.0,0.3612,Positive
like,1.0,0.0,0.0,0.3612,Positive
minut,0.0,0.0,1.0,0.0,Neutral
see,0.0,0.0,1.0,0.0,Neutral
there,0.0,0.0,1.0,0.0,Neutral
fadingof,0.0,0.0,1.0,0.0,Neutral
white,0.0,0.0,1.0,0.0,Neutral
cast,0.0,0.0,1.0,0.0,Neutral
amount,0.0,0.0,1.0,0.0,Neutral
timeokay,0.0,0.0,1.0,0.0,Neutral
given,0.0,0.0,1.0,0.0,Neutral
minut,0.0,0.0,1.0,0.0,Neutral
tokind,0.0,0.0,1.0,0.0,Neutral
thing,0.0,0.0,1.0,0.0,Neutral
see,0.0,0.0,1.0,0.0,Neutral
whitecastdid,0.0,0.0,1.0,0.0,Neutral
dissip,0.0,0.0,1.0,0.0,Neutral
went,0.0,0.0,1.0,0.0,Neutral
gota,0.0,0.0,1.0,0.0,Neutral
mirrorso,0.0,0.0,1.0,0.0,Neutral
definit,0.0,0.0,1.0,0.0,Neutral
still,0.0,0.0,1.0,0.0,Neutral
awhit,0.0,0.0,1.0,0.0,Neutral
casti,0.0,0.0,1.0,0.0,Neutral
think,0.0,0.0,1.0,0.0,Neutral
area,0.0,0.0,1.0,0.0,Neutral
worsti,0.0,0.0,1.0,0.0,Neutral
mean,0.0,0.0,1.0,0.0,Neutral
hairlin,0.0,0.0,1.0,0.0,Neutral
um,0.0,0.0,1.0,0.0,Neutral
know,0.0,0.0,1.0,0.0,Neutral
maybemor,0.0,0.0,1.0,0.0,Neutral
caution,0.0,0.0,1.0,0.0,Neutral
your,0.0,0.0,1.0,0.0,Neutral
blend,0.0,0.0,1.0,0.0,Neutral
thereyeah,0.0,0.0,1.0,0.0,Neutral
mean,0.0,0.0,1.0,0.0,Neutral
kind,1.0,0.0,0.0,0.5267,Positive
generallay,0.0,0.0,1.0,0.0,Neutral
aa,0.0,0.0,1.0,0.0,Neutral
light,0.0,0.0,1.0,0.0,Neutral
white,0.0,0.0,1.0,0.0,Neutral
cast,0.0,0.0,1.0,0.0,Neutral
skin,0.0,0.0,1.0,0.0,Neutral
didlook,0.0,0.0,1.0,0.0,Neutral
neutrogena,0.0,0.0,1.0,0.0,Neutral
websiteit,0.0,0.0,1.0,0.0,Neutral
say,0.0,0.0,1.0,0.0,Neutral
oilfre,0.0,0.0,1.0,0.0,Neutral
sunscreenlot,0.0,0.0,1.0,0.0,Neutral
sensit,0.0,0.0,1.0,0.0,Neutral
skin,0.0,0.0,1.0,0.0,Neutral
goe,0.0,0.0,1.0,0.0,Neutral
evenlyabsorb,0.0,0.0,1.0,0.0,Neutral
quickli,0.0,0.0,1.0,0.0,Neutral
feel,0.0,0.0,1.0,0.0,Neutral
ultra,0.0,0.0,1.0,0.0,Neutral
lightum,0.0,0.0,1.0,0.0,Neutral
feel,0.0,0.0,1.0,0.0,Neutral
pretti,0.0,0.0,1.0,0.0,Neutral
light,0.0,0.0,1.0,0.0,Neutral
like,1.0,0.0,0.0,0.3612,Positive
idont,0.0,0.0,1.0,0.0,Neutral
know,0.0,0.0,1.0,0.0,Neutral
feel,0.0,0.0,1.0,0.0,Neutral
notic,0.0,0.0,1.0,0.0,Neutral
differenceon,0.0,0.0,1.0,0.0,Neutral
skinit,0.0,0.0,1.0,0.0,Neutral
still,0.0,0.0,1.0,0.0,Neutral
feel,0.0,0.0,1.0,0.0,Neutral
slight,0.0,0.0,1.0,0.0,Neutral
bittackybut,0.0,0.0,1.0,0.0,Neutral
im,0.0,0.0,1.0,0.0,Neutral
see,0.0,0.0,1.0,0.0,Neutral
transfer,0.0,0.0,1.0,0.0,Neutral
myfing,0.0,0.0,1.0,0.0,Neutral
realli,0.0,0.0,1.0,0.0,Neutral
itouch,0.0,0.0,1.0,0.0,Neutral
face,0.0,0.0,1.0,0.0,Neutral
look,0.0,0.0,1.0,0.0,Neutral
myfing,0.0,0.0,1.0,0.0,Neutral
soit,0.0,0.0,1.0,0.0,Neutral
might,0.0,0.0,1.0,0.0,Neutral
dri,0.0,0.0,1.0,0.0,Neutral
littl,0.0,0.0,1.0,0.0,Neutral
bit,0.0,0.0,1.0,0.0,Neutral
toobut,0.0,0.0,1.0,0.0,Neutral
that,0.0,0.0,1.0,0.0,Neutral
right,0.0,0.0,1.0,0.0,Neutral
nowthi,0.0,0.0,1.0,0.0,Neutral
notmarket,0.0,0.0,1.0,0.0,Neutral
facial,0.0,0.0,1.0,0.0,Neutral
sunscreen,0.0,0.0,1.0,0.0,Neutral
theirwebsiteum,0.0,0.0,1.0,0.0,Neutral
doesnt,0.0,0.0,1.0,0.0,Neutral
say,0.0,0.0,1.0,0.0,Neutral
like,1.0,0.0,0.0,0.3612,Positive
appli,0.0,0.0,1.0,0.0,Neutral
thebodyor,0.0,0.0,1.0,0.0,Neutral
versu,0.0,0.0,1.0,0.0,Neutral
face,0.0,0.0,1.0,0.0,Neutral
either,0.0,0.0,1.0,0.0,Neutral
withoutwhat,0.0,0.0,1.0,0.0,Neutral
willit,0.0,0.0,1.0,0.0,Neutral
say,0.0,0.0,1.0,0.0,Neutral
water,0.0,0.0,1.0,0.0,Neutral
resist,0.0,0.0,1.0,0.0,Neutral
minutespaba,0.0,0.0,1.0,0.0,Neutral
free,1.0,0.0,0.0,0.5106,Positive
im,0.0,0.0,1.0,0.0,Neutral
sure,1.0,0.0,0.0,0.3182,Positive
ifthat,0.0,0.0,1.0,0.0,Neutral
paraben,0.0,0.0,1.0,0.0,Neutral
type,0.0,0.0,1.0,0.0,Neutral
maybehypoallergen,0.0,0.0,1.0,0.0,Neutral
dont,0.0,0.0,1.0,0.0,Neutral
know,0.0,0.0,1.0,0.0,Neutral
whatthat,0.0,0.0,1.0,0.0,Neutral
mean,0.0,0.0,1.0,0.0,Neutral
sunscreenoil,0.0,0.0,1.0,0.0,Neutral
free,1.0,0.0,0.0,0.5106,Positive
fragranc,0.0,0.0,1.0,0.0,Neutral
free,1.0,0.0,0.0,0.5106,Positive
free,1.0,0.0,0.0,0.5106,Positive
dyesoil,0.0,0.0,1.0,0.0,Neutral
irrit,0.0,0.0,1.0,0.0,Neutral
chemic,0.0,0.0,1.0,0.0,Neutral
ingredientsbut,0.0,0.0,1.0,0.0,Neutral
mean,0.0,0.0,1.0,0.0,Neutral
irrit,0.0,0.0,1.0,0.0,Neutral
chemicalingredi,0.0,0.0,1.0,0.0,Neutral
becauselik,0.0,0.0,1.0,0.0,Neutral
there,0.0,0.0,1.0,0.0,Neutral
plenti,0.0,0.0,1.0,0.0,Neutral
thing,0.0,0.0,1.0,0.0,Neutral
meaneveryth,0.0,0.0,1.0,0.0,Neutral
chemic,0.0,0.0,1.0,0.0,Neutral
guess,0.0,0.0,1.0,0.0,Neutral
maybethey,0.0,0.0,1.0,0.0,Neutral
meanit,0.0,0.0,1.0,0.0,Neutral
doesnt,0.0,0.0,1.0,0.0,Neutral
chemic,0.0,0.0,1.0,0.0,Neutral
sunscreeningredi,0.0,0.0,1.0,0.0,Neutral
realli,0.0,0.0,1.0,0.0,Neutral
sureum,0.0,0.0,1.0,0.0,Neutral
exactli,0.0,0.0,1.0,0.0,Neutral
mean,0.0,0.0,1.0,0.0,Neutral
thatand,0.0,0.0,1.0,0.0,Neutral
um,0.0,0.0,1.0,0.0,Neutral
sell,0.0,0.0,1.0,0.0,Neutral
forthre,0.0,0.0,1.0,0.0,Neutral
ouncesvia,0.0,0.0,1.0,0.0,Neutral
neutrogena,0.0,0.0,1.0,0.0,Neutral
websitehonestli,0.0,0.0,1.0,0.0,Neutral
think,0.0,0.0,1.0,0.0,Neutral
umbett,0.0,0.0,1.0,0.0,Neutral
ive,0.0,0.0,1.0,0.0,Neutral
tri,0.0,0.0,1.0,0.0,Neutral
cetaphilsunscreen,0.0,0.0,1.0,0.0,Neutral
theyreminer,0.0,0.0,1.0,0.0,Neutral
sunscreen,0.0,0.0,1.0,0.0,Neutral
think,0.0,0.0,1.0,0.0,Neutral
aremayb,0.0,0.0,1.0,0.0,Neutral
newerto,0.0,0.0,1.0,0.0,Neutral
one,0.0,0.0,1.0,0.0,Neutral
bad,0.0,1.0,0.0,-0.5423,Negative
faril,0.0,0.0,1.0,0.0,Neutral
definit,0.0,0.0,1.0,0.0,Neutral
keep,0.0,0.0,1.0,0.0,Neutral
test,0.0,0.0,1.0,0.0,Neutral
putmayb,0.0,0.0,1.0,0.0,Neutral
pin,0.0,0.0,1.0,0.0,Neutral
commentwith,0.0,0.0,1.0,0.0,Neutral
um,0.0,0.0,1.0,0.0,Neutral
extend,1.0,0.0,0.0,0.1779,Positive
useor,0.0,0.0,1.0,0.0,Neutral
mayb,0.0,0.0,1.0,0.0,Neutral
amor,1.0,0.0,0.0,0.6124,Positive
video,0.0,0.0,1.0,0.0,Neutral
finishtalk,0.0,0.0,1.0,0.0,Neutral
right,0.0,0.0,1.0,0.0,Neutral
nowof,0.0,0.0,1.0,0.0,Neutral
come,0.0,0.0,1.0,0.0,Neutral
back,0.0,0.0,1.0,0.0,Neutral
check,0.0,0.0,1.0,0.0,Neutral
onanoth,0.0,0.0,1.0,0.0,Neutral
day,0.0,0.0,1.0,0.0,Neutral
feel,0.0,0.0,1.0,0.0,Neutral
like,1.0,0.0,0.0,0.3612,Positive
could,0.0,0.0,1.0,0.0,Neutral
seethi,0.0,0.0,1.0,0.0,Neutral
work,0.0,0.0,1.0,0.0,Neutral
peopl,0.0,0.0,1.0,0.0,Neutral
dontmind,0.0,0.0,1.0,0.0,Neutral
white,0.0,0.0,1.0,0.0,Neutral
castand,0.0,0.0,1.0,0.0,Neutral
like,1.0,0.0,0.0,0.3612,Positive
cover,0.0,0.0,1.0,0.0,Neutral
makeup,0.0,0.0,1.0,0.0,Neutral
ormayb,0.0,0.0,1.0,0.0,Neutral
tint,0.0,0.0,1.0,0.0,Neutral
sunscreenwhich,0.0,0.0,1.0,0.0,Neutral
definit,0.0,0.0,1.0,0.0,Neutral
optioni,0.0,0.0,1.0,0.0,Neutral
think,0.0,0.0,1.0,0.0,Neutral
white,0.0,0.0,1.0,0.0,Neutral
cast,0.0,0.0,1.0,0.0,Neutral
notth,0.0,0.0,1.0,0.0,Neutral
worst,0.0,1.0,0.0,-0.6249,Negative
onethat,0.0,0.0,1.0,0.0,Neutral
ive,0.0,0.0,1.0,0.0,Neutral
doesnt,0.0,0.0,1.0,0.0,Neutral
feel,0.0,0.0,1.0,0.0,Neutral
dryingumor,0.0,0.0,1.0,0.0,Neutral
like,1.0,0.0,0.0,0.3612,Positive
irrit,0.0,0.0,1.0,0.0,Neutral
way,0.0,0.0,1.0,0.0,Neutral
doesntfeel,0.0,0.0,1.0,0.0,Neutral
heavi,0.0,0.0,1.0,0.0,Neutral
anyth,0.0,0.0,1.0,0.0,Neutral
like,1.0,0.0,0.0,0.3612,Positive
thatso,0.0,0.0,1.0,0.0,Neutral
feel,0.0,0.0,1.0,0.0,Neutral
like,1.0,0.0,0.0,0.3612,Positive
could,0.0,0.0,1.0,0.0,Neutral
potentiallywork,0.0,0.0,1.0,0.0,Neutral
peopleum,0.0,0.0,1.0,0.0,Neutral
want,1.0,0.0,0.0,0.0772,Positive
put,0.0,0.0,1.0,0.0,Neutral
work,0.0,0.0,1.0,0.0,Neutral
aminer,0.0,0.0,1.0,0.0,Neutral
sunscreenit,0.0,0.0,1.0,0.0,Neutral
doesnt,0.0,0.0,1.0,0.0,Neutral
specif,0.0,0.0,1.0,0.0,Neutral
say,0.0,0.0,1.0,0.0,Neutral
itsnonnano,0.0,0.0,1.0,0.0,Neutral
zinc,0.0,0.0,1.0,0.0,Neutral
dont,0.0,0.0,1.0,0.0,Neutral
think,0.0,0.0,1.0,0.0,Neutral
theresani,0.0,0.0,1.0,0.0,Neutral
requirementto,0.0,0.0,1.0,0.0,Neutral
say,0.0,0.0,1.0,0.0,Neutral
either,0.0,0.0,1.0,0.0,Neutral
way,0.0,0.0,1.0,0.0,Neutral
soim,0.0,0.0,1.0,0.0,Neutral
sure,1.0,0.0,0.0,0.3182,Positive
likeabout,0.0,0.0,1.0,0.0,Neutral
isnta,0.0,0.0,1.0,0.0,Neutral
matt,0.0,0.0,1.0,0.0,Neutral
finish,0.0,0.0,1.0,0.0,Neutral
wouldnt,0.0,0.0,1.0,0.0,Neutral
say,0.0,0.0,1.0,0.0,Neutral
itssup,0.0,0.0,1.0,0.0,Neutral
dewi,0.0,0.0,1.0,0.0,Neutral
hydrat,0.0,0.0,1.0,0.0,Neutral
either,0.0,0.0,1.0,0.0,Neutral
justkind,0.0,0.0,1.0,0.0,Neutral
ofnatur,0.0,0.0,1.0,0.0,Neutral
mayb,0.0,0.0,1.0,0.0,Neutral
lean,0.0,0.0,1.0,0.0,Neutral
littl,0.0,0.0,1.0,0.0,Neutral
bit,0.0,0.0,1.0,0.0,Neutral
morehydr,0.0,0.0,1.0,0.0,Neutral
butit,0.0,0.0,1.0,0.0,Neutral
overal,0.0,0.0,1.0,0.0,Neutral
feel,0.0,0.0,1.0,0.0,Neutral
fine,1.0,0.0,0.0,0.2023,Positive
skin,0.0,0.0,1.0,0.0,Neutral
itdoesnt,0.0,0.0,1.0,0.0,Neutral
feel,0.0,0.0,1.0,0.0,Neutral
bad,0.0,1.0,0.0,-0.5423,Negative
wayum,0.0,0.0,1.0,0.0,Neutral
ill,0.0,1.0,0.0,-0.4215,Negative
definit,0.0,0.0,1.0,0.0,Neutral
keep,0.0,0.0,1.0,0.0,Neutral
test,0.0,0.0,1.0,0.0,Neutral
thisand,0.0,0.0,1.0,0.0,Neutral
let,0.0,0.0,1.0,0.0,Neutral
know,0.0,0.0,1.0,0.0,Neutral
thinkum,0.0,0.0,1.0,0.0,Neutral
time,0.0,0.0,1.0,0.0,Neutral
farit,0.0,0.0,1.0,0.0,Neutral
worstnot,0.0,0.0,1.0,0.0,Neutral
best,1.0,0.0,0.0,0.6369,Positive
thank,1.0,0.0,0.0,0.3612,Positive
much,0.0,0.0,1.0,0.0,Neutral
forwatch,0.0,0.0,1.0,0.0,Neutral
im,0.0,0.0,1.0,0.0,Neutral
go,0.0,0.0,1.0,0.0,Neutral
ofthes,0.0,0.0,1.0,0.0,Neutral
drugstor,0.0,0.0,1.0,0.0,Neutral
sunscreen,0.0,0.0,1.0,0.0,Neutral
video,0.0,0.0,1.0,0.0,Neutral
soif,0.0,0.0,1.0,0.0,Neutral
sunscreen,0.0,0.0,1.0,0.0,Neutral
youd,0.0,0.0,1.0,0.0,Neutral
like,1.0,0.0,0.0,0.3612,Positive
tose,0.0,0.0,1.0,0.0,Neutral
appli,0.0,0.0,1.0,0.0,Neutral
hear,0.0,0.0,1.0,0.0,Neutral
aboutani,0.0,0.0,1.0,0.0,Neutral
pro,0.0,0.0,1.0,0.0,Neutral
con,0.0,0.0,1.0,0.0,Neutral
definit,0.0,0.0,1.0,0.0,Neutral
let,0.0,0.0,1.0,0.0,Neutral
knowin,0.0,0.0,1.0,0.0,Neutral
comment,0.0,0.0,1.0,0.0,Neutral
check,0.0,0.0,1.0,0.0,Neutral
myother,0.0,0.0,1.0,0.0,Neutral
video,0.0,0.0,1.0,0.0,Neutral
ive,0.0,0.0,1.0,0.0,Neutral
alreadi,0.0,0.0,1.0,0.0,Neutral
donereview,0.0,0.0,1.0,0.0,Neutral
skincar,0.0,0.0,1.0,0.0,Neutral
product,0.0,0.0,1.0,0.0,Neutral
likesunscreensif,0.0,0.0,1.0,0.0,Neutral
that,0.0,0.0,1.0,0.0,Neutral
interest,1.0,0.0,0.0,0.4588,Positive
alsodo,0.0,0.0,1.0,0.0,Neutral
empti,0.0,0.0,1.0,0.0,Neutral
video,0.0,0.0,1.0,0.0,Neutral
ill,0.0,1.0,0.0,-0.4215,Negative
tend,0.0,0.0,1.0,0.0,Neutral
getreview,0.0,0.0,1.0,0.0,Neutral
lot,0.0,0.0,1.0,0.0,Neutral
product,0.0,0.0,1.0,0.0,Neutral
iveactu,0.0,0.0,1.0,0.0,Neutral
use,0.0,0.0,1.0,0.0,Neutral
completelyor,0.0,0.0,1.0,0.0,Neutral
use,0.0,0.0,1.0,0.0,Neutral
product,0.0,0.0,1.0,0.0,Neutral
partiallyand,0.0,0.0,1.0,0.0,Neutral
cant,0.0,0.0,1.0,0.0,Neutral
get,0.0,0.0,1.0,0.0,Neutral
work,0.0,0.0,1.0,0.0,Neutral
meand,0.0,0.0,1.0,0.0,Neutral
im,0.0,0.0,1.0,0.0,Neutral
get,0.0,0.0,1.0,0.0,Neutral
rid,0.0,0.0,1.0,0.0,Neutral
itum,0.0,0.0,1.0,0.0,Neutral
like,1.0,0.0,0.0,0.3612,Positive
see,0.0,0.0,1.0,0.0,Neutral
review,0.0,0.0,1.0,0.0,Neutral
ofth,0.0,0.0,1.0,0.0,Neutral
like,1.0,0.0,0.0,0.3612,Positive
thatyou,0.0,0.0,1.0,0.0,Neutral
go,0.0,0.0,1.0,0.0,Neutral
ahead,0.0,0.0,1.0,0.0,Neutral
check,0.0,0.0,1.0,0.0,Neutral
videosout,0.0,0.0,1.0,0.0,Neutral
well,1.0,0.0,0.0,0.2732,Positive
hope,1.0,0.0,0.0,0.4404,Positive
see,0.0,0.0,1.0,0.0,Neutral
youin,0.0,0.0,1.0,0.0,Neutral
next,0.0,0.0,1.0,0.0,Neutral
video,0.0,0.0,1.0,0.0,Neutral
bye,0.0,0.0,1.0,0.0,Neutral
tri,0.0,0.0,1.0,0.0,Neutral
thesunscreen,0.0,0.0,1.0,0.0,Neutral
littl,0.0,0.0,1.0,0.0,Neutral
bit,0.0,0.0,1.0,0.0,Neutral
moreand,0.0,0.0,1.0,0.0,Neutral
ill,0.0,1.0,0.0,-0.4215,Negative
go,0.0,0.0,1.0,0.0,Neutral
ahead,0.0,0.0,1.0,0.0,Neutral
appli,0.0,0.0,1.0,0.0,Neutral
myhand,0.0,0.0,1.0,0.0,Neutral
talk,0.0,0.0,1.0,0.0,Neutral
abouta,0.0,0.0,1.0,0.0,Neutral
littl,0.0,0.0,1.0,0.0,Neutral
bit,0.0,0.0,1.0,0.0,Neutral
inform,0.0,0.0,1.0,0.0,Neutral
ifirstappli,0.0,0.0,1.0,0.0,Neutral
sunscreen,0.0,0.0,1.0,0.0,Neutral
feel,0.0,0.0,1.0,0.0,Neutral
alittl,0.0,0.0,1.0,0.0,Neutral
bit,0.0,0.0,1.0,0.0,Neutral
heavi,0.0,0.0,1.0,0.0,Neutral
umon,0.0,0.0,1.0,0.0,Neutral
skin,0.0,0.0,1.0,0.0,Neutral
almost,0.0,0.0,1.0,0.0,Neutral
like,1.0,0.0,0.0,0.3612,Positive
suffocatingmi,0.0,0.0,1.0,0.0,Neutral
skin,0.0,0.0,1.0,0.0,Neutral
littlei,0.0,0.0,1.0,0.0,Neutral
get,0.0,0.0,1.0,0.0,Neutral
littl,0.0,0.0,1.0,0.0,Neutral
bit,0.0,0.0,1.0,0.0,Neutral
hot,0.0,0.0,1.0,0.0,Neutral
um,0.0,0.0,1.0,0.0,Neutral
thefeel,0.0,0.0,1.0,0.0,Neutral
face,0.0,0.0,1.0,0.0,Neutral
like,1.0,0.0,0.0,0.3612,Positive
doesnt,0.0,0.0,1.0,0.0,Neutral
feelhotuh,0.0,0.0,1.0,0.0,Neutral
appli,0.0,0.0,1.0,0.0,Neutral
feelheavi,0.0,0.0,1.0,0.0,Neutral
butaft,0.0,0.0,1.0,0.0,Neutral
littl,0.0,0.0,1.0,0.0,Neutral
bit,0.0,0.0,1.0,0.0,Neutral
time,0.0,0.0,1.0,0.0,Neutral
know,0.0,0.0,1.0,0.0,Neutral
minut,0.0,0.0,1.0,0.0,Neutral
feel,0.0,0.0,1.0,0.0,Neutral
pretti,0.0,0.0,1.0,0.0,Neutral
normal,0.0,0.0,1.0,0.0,Neutral
idont,0.0,0.0,1.0,0.0,Neutral
realli,0.0,0.0,1.0,0.0,Neutral
notic,0.0,0.0,1.0,0.0,Neutral
skinth,0.0,0.0,1.0,0.0,Neutral
sunscreen,0.0,0.0,1.0,0.0,Neutral
throughout,0.0,0.0,1.0,0.0,Neutral
day,0.0,0.0,1.0,0.0,Neutral
whenim,0.0,0.0,1.0,0.0,Neutral
wear,0.0,0.0,1.0,0.0,Neutral
itdoesnt,0.0,0.0,1.0,0.0,Neutral
feel,0.0,0.0,1.0,0.0,Neutral
super,1.0,0.0,0.0,0.5994,Positive
heavi,0.0,0.0,1.0,0.0,Neutral
anyth,0.0,0.0,1.0,0.0,Neutral
itjust,0.0,0.0,1.0,0.0,Neutral
feelsum,0.0,0.0,1.0,0.0,Neutral
neutral,0.0,0.0,1.0,0.0,Neutral
kind,1.0,0.0,0.0,0.5267,Positive
aneutr,0.0,0.0,1.0,0.0,Neutral
finish,0.0,0.0,1.0,0.0,Neutral
wellit,0.0,0.0,1.0,0.0,Neutral
look,0.0,0.0,1.0,0.0,Neutral
littl,0.0,0.0,1.0,0.0,Neutral
bit,0.0,0.0,1.0,0.0,Neutral
shini,0.0,0.0,1.0,0.0,Neutral
butthat,0.0,0.0,1.0,0.0,Neutral
pretti,0.0,0.0,1.0,0.0,Neutral
much,0.0,0.0,1.0,0.0,Neutral
dissip,0.0,0.0,1.0,0.0,Neutral
aneutr,0.0,0.0,1.0,0.0,Neutral
finish,0.0,0.0,1.0,0.0,Neutral
wear,0.0,0.0,1.0,0.0,Neutral
thedayit,0.0,0.0,1.0,0.0,Neutral
howev,0.0,0.0,1.0,0.0,Neutral
white,0.0,0.0,1.0,0.0,Neutral
cast,0.0,0.0,1.0,0.0,Neutral
umi,0.0,0.0,1.0,0.0,Neutral
find,0.0,0.0,1.0,0.0,Neutral
dont,0.0,0.0,1.0,0.0,Neutral
good,1.0,0.0,0.0,0.4404,Positive
jobblend,0.0,0.0,1.0,0.0,Neutral
init,0.0,0.0,1.0,0.0,Neutral
littl,0.0,0.0,1.0,0.0,Neutral
bit,0.0,0.0,1.0,0.0,Neutral
streaki,0.0,0.0,1.0,0.0,Neutral
youdo,0.0,0.0,1.0,0.0,Neutral
want,1.0,0.0,0.0,0.0772,Positive
make,0.0,0.0,1.0,0.0,Neutral
sure,1.0,0.0,0.0,0.3182,Positive
yourey,0.0,0.0,1.0,0.0,Neutral
know,0.0,0.0,1.0,0.0,Neutral
check,0.0,0.0,1.0,0.0,Neutral
well,1.0,0.0,0.0,0.2732,Positive
appliedit,0.0,0.0,1.0,0.0,Neutral
everyth,0.0,0.0,1.0,0.0,Neutral
like,1.0,0.0,0.0,0.3612,Positive
thatum,0.0,0.0,1.0,0.0,Neutral
dont,0.0,0.0,1.0,0.0,Neutral
get,0.0,0.0,1.0,0.0,Neutral
white,0.0,0.0,1.0,0.0,Neutral
cast,0.0,0.0,1.0,0.0,Neutral
thatsa,0.0,0.0,1.0,0.0,Neutral
badi,0.0,0.0,1.0,0.0,Neutral
think,0.0,0.0,1.0,0.0,Neutral
look,0.0,0.0,1.0,0.0,Neutral
much,0.0,0.0,1.0,0.0,Neutral
better,1.0,0.0,0.0,0.4404,Positive
yourwhit,0.0,0.0,1.0,0.0,Neutral
cast,0.0,0.0,1.0,0.0,Neutral
um,0.0,0.0,1.0,0.0,Neutral
smooth,0.0,0.0,1.0,0.0,Neutral
versu,0.0,0.0,1.0,0.0,Neutral
streakybut,0.0,0.0,1.0,0.0,Neutral
overal,0.0,0.0,1.0,0.0,Neutral
know,0.0,0.0,1.0,0.0,Neutral
appli,0.0,0.0,1.0,0.0,Neutral
overitself,0.0,0.0,1.0,0.0,Neutral
fine,1.0,0.0,0.0,0.2023,Positive
dont,0.0,0.0,1.0,0.0,Neutral
pillingissuesum,0.0,0.0,1.0,0.0,Neutral
know,0.0,0.0,1.0,0.0,Neutral
worsthigh,0.0,0.0,1.0,0.0,Neutral
spf,0.0,0.0,1.0,0.0,Neutral
miner,0.0,0.0,1.0,0.0,Neutral
sunscreen,0.0,0.0,1.0,0.0,Neutral
ivetri,0.0,0.0,1.0,0.0,Neutral
umjust,0.0,0.0,1.0,0.0,Neutral
neutralfinish,0.0,0.0,1.0,0.0,Neutral
white,0.0,0.0,1.0,0.0,Neutral
cast,0.0,0.0,1.0,0.0,Neutral
isntextrem,0.0,0.0,1.0,0.0,Neutral
pronounc,0.0,0.0,1.0,0.0,Neutral
um,0.0,0.0,1.0,0.0,Neutral
andit,0.0,0.0,1.0,0.0,Neutral
feel,0.0,0.0,1.0,0.0,Neutral
fairli,0.0,0.0,1.0,0.0,Neutral
neutral,0.0,0.0,1.0,0.0,Neutral
skinnot,0.0,0.0,1.0,0.0,Neutral
heavi,0.0,0.0,1.0,0.0,Neutral
um,0.0,0.0,1.0,0.0,Neutral
toodewi,0.0,0.0,1.0,0.0,Neutral
greasi,0.0,0.0,1.0,0.0,Neutral
matt,0.0,0.0,1.0,0.0,Neutral
everyth,0.0,0.0,1.0,0.0,Neutral
isjustpretti,0.0,0.0,1.0,0.0,Neutral
neutral,0.0,0.0,1.0,0.0,Neutral
overal,0.0,0.0,1.0,0.0,Neutral
ithink,0.0,0.0,1.0,0.0,Neutral
fine,1.0,0.0,0.0,0.2023,Positive
say,0.0,0.0,1.0,0.0,Neutral
notveri,0.0,0.0,1.0,0.0,Neutral
sweat,0.0,0.0,1.0,0.0,Neutral
resistanti,0.0,0.0,1.0,0.0,Neutral
dont,0.0,0.0,1.0,0.0,Neutral
know,0.0,0.0,1.0,0.0,Neutral
that,0.0,0.0,1.0,0.0,Neutral
differ,0.0,0.0,1.0,0.0,Neutral
fromwat,0.0,0.0,1.0,0.0,Neutral
resist,0.0,0.0,1.0,0.0,Neutral
sweat,0.0,0.0,1.0,0.0,Neutral
willuh,0.0,0.0,1.0,0.0,Neutral
becom,0.0,0.0,1.0,0.0,Neutral
white,0.0,0.0,1.0,0.0,Neutral
run,0.0,0.0,1.0,0.0,Neutral
thesweatto,0.0,0.0,1.0,0.0,Neutral
extent,0.0,0.0,1.0,0.0,Neutral
skin,0.0,0.0,1.0,0.0,Neutral
uh,0.0,0.0,1.0,0.0,Neutral
overal,0.0,0.0,1.0,0.0,Neutral
ididnt,0.0,0.0,1.0,0.0,Neutral
issueswith,0.0,0.0,1.0,0.0,Neutral
use,0.0,0.0,1.0,0.0,Neutral
illcontinu,0.0,0.0,1.0,0.0,Neutral
updat,0.0,0.0,1.0,0.0,Neutral
ifther,0.0,0.0,1.0,0.0,Neutral
changesi,0.0,0.0,1.0,0.0,Neutral
plan,0.0,0.0,1.0,0.0,Neutral
roundup,0.0,0.0,1.0,0.0,Neutral
video,0.0,0.0,1.0,0.0,Neutral
ofdrugstor,0.0,0.0,1.0,0.0,Neutral
sunscreen,0.0,0.0,1.0,0.0,Neutral
point,0.0,0.0,1.0,0.0,Neutral
soill,0.0,0.0,1.0,0.0,Neutral
talk,0.0,0.0,1.0,0.0,Neutral
thenhi,0.0,0.0,1.0,0.0,Neutral
guy,0.0,0.0,1.0,0.0,Neutral
im,0.0,0.0,1.0,0.0,Neutral
anisha,0.0,0.0,1.0,0.0,Neutral
welcom,0.0,0.0,1.0,0.0,Neutral
back,0.0,0.0,1.0,0.0,Neutral
tomi,0.0,0.0,1.0,0.0,Neutral
channeltoday,0.0,0.0,1.0,0.0,Neutral
video,0.0,0.0,1.0,0.0,Neutral
im,0.0,0.0,1.0,0.0,Neutral
go,0.0,0.0,1.0,0.0,Neutral
reviewtwo,0.0,0.0,1.0,0.0,Neutral
popular,1.0,0.0,0.0,0.4215,Positive
neutrogena,0.0,0.0,1.0,0.0,Neutral
sunscreenswhich,0.0,0.0,1.0,0.0,Neutral
find,0.0,0.0,1.0,0.0,Neutral
liter,0.0,0.0,1.0,0.0,Neutral
everywhereso,0.0,0.0,1.0,0.0,Neutral
one,0.0,0.0,1.0,0.0,Neutral
physic,0.0,0.0,1.0,0.0,Neutral
aminer,0.0,0.0,1.0,0.0,Neutral
base,0.0,0.0,1.0,0.0,Neutral
sunscreen,0.0,0.0,1.0,0.0,Neutral
one,0.0,0.0,1.0,0.0,Neutral
isa,0.0,0.0,1.0,0.0,Neutral
chemic,0.0,0.0,1.0,0.0,Neutral
sunscreenw,0.0,0.0,1.0,0.0,Neutral
start,0.0,0.0,1.0,0.0,Neutral
know,0.0,0.0,1.0,0.0,Neutral
exactli,0.0,0.0,1.0,0.0,Neutral
isth,0.0,0.0,1.0,0.0,Neutral
differ,0.0,0.0,1.0,0.0,Neutral
physicalsunscreen,0.0,0.0,1.0,0.0,Neutral
chemic,0.0,0.0,1.0,0.0,Neutral
sunscreenand,0.0,0.0,1.0,0.0,Neutral
well,1.0,0.0,0.0,0.2732,Positive
move,0.0,0.0,1.0,0.0,Neutral
opinionabout,0.0,0.0,1.0,0.0,Neutral
would,0.0,0.0,1.0,0.0,Neutral
recommenddepend,0.0,0.0,1.0,0.0,Neutral
upon,0.0,0.0,1.0,0.0,Neutral
skin,0.0,0.0,1.0,0.0,Neutral
type,0.0,0.0,1.0,0.0,Neutral
otherskin,0.0,0.0,1.0,0.0,Neutral
issuesso,0.0,0.0,1.0,0.0,Neutral
let,0.0,0.0,1.0,0.0,Neutral
get,0.0,0.0,1.0,0.0,Neutral
start,0.0,0.0,1.0,0.0,Neutral
talk,0.0,0.0,1.0,0.0,Neutral
aboutphys,0.0,0.0,1.0,0.0,Neutral
sunscreen,0.0,0.0,1.0,0.0,Neutral
useminer,0.0,0.0,1.0,0.0,Neutral
chemic,0.0,0.0,1.0,0.0,Neutral
filter,0.0,0.0,1.0,0.0,Neutral
zincoxid,0.0,0.0,1.0,0.0,Neutral
titanium,0.0,0.0,1.0,0.0,Neutral
dioxid,0.0,0.0,1.0,0.0,Neutral
sometimesboth,0.0,0.0,1.0,0.0,Neutral
work,0.0,0.0,1.0,0.0,Neutral
creat,0.0,0.0,1.0,0.0,Neutral
aphys,0.0,0.0,1.0,0.0,Neutral
barrier,0.0,1.0,0.0,-0.128,Negative
upon,0.0,0.0,1.0,0.0,Neutral
skinand,0.0,0.0,1.0,0.0,Neutral
reflect,0.0,0.0,1.0,0.0,Neutral
uv,0.0,0.0,1.0,0.0,Neutral
ray,0.0,0.0,1.0,0.0,Neutral
itcreat,0.0,0.0,1.0,0.0,Neutral
like,1.0,0.0,0.0,0.3612,Positive
shield,0.0,0.0,1.0,0.0,Neutral
surfac,0.0,0.0,1.0,0.0,Neutral
ofth,0.0,0.0,1.0,0.0,Neutral
skinand,0.0,0.0,1.0,0.0,Neutral
wherea,0.0,0.0,1.0,0.0,Neutral
chemic,0.0,0.0,1.0,0.0,Neutral
sunscreen,0.0,0.0,1.0,0.0,Neutral
usechem,0.0,0.0,1.0,0.0,Neutral
uv,0.0,0.0,1.0,0.0,Neutral
filtersmost,0.0,0.0,1.0,0.0,Neutral
common,0.0,0.0,1.0,0.0,Neutral
octan,0.0,0.0,1.0,0.0,Neutral
oxid,0.0,0.0,1.0,0.0,Neutral
oxybenzoneandarrow,0.0,0.0,1.0,0.0,Neutral
benzon,0.0,0.0,1.0,0.0,Neutral
etc,0.0,0.0,1.0,0.0,Neutral
itabsorb,0.0,0.0,1.0,0.0,Neutral
uv,0.0,0.0,1.0,0.0,Neutral
ray,0.0,0.0,1.0,0.0,Neutral
convert,0.0,0.0,1.0,0.0,Neutral
intoheat,0.0,0.0,1.0,0.0,Neutral
releas,0.0,0.0,1.0,0.0,Neutral
skinphys,0.0,0.0,1.0,0.0,Neutral
sunscreen,0.0,0.0,1.0,0.0,Neutral
generallythick,0.0,0.0,1.0,0.0,Neutral
hard,0.0,1.0,0.0,-0.1027,Negative
blendand,0.0,0.0,1.0,0.0,Neutral
give,0.0,0.0,1.0,0.0,Neutral
white,0.0,0.0,1.0,0.0,Neutral
cast,0.0,0.0,1.0,0.0,Neutral
onyour,0.0,0.0,1.0,0.0,Neutral
facealso,0.0,0.0,1.0,0.0,Neutral
recommend,1.0,0.0,0.0,0.3612,Positive
peoplewith,0.0,0.0,1.0,0.0,Neutral
sensit,0.0,0.0,1.0,0.0,Neutral
skin,0.0,0.0,1.0,0.0,Neutral
rosacea,0.0,0.0,1.0,0.0,Neutral
proneskin,0.0,0.0,1.0,0.0,Neutral
etcwherea,0.0,0.0,1.0,0.0,Neutral
chemic,0.0,0.0,1.0,0.0,Neutral
sunscreen,0.0,0.0,1.0,0.0,Neutral
begener,0.0,0.0,1.0,0.0,Neutral
lighterit,0.0,0.0,1.0,0.0,Neutral
easier,1.0,0.0,0.0,0.4215,Positive
blend,0.0,0.0,1.0,0.0,Neutral
wont,0.0,0.0,1.0,0.0,Neutral
givey,0.0,0.0,1.0,0.0,Neutral
white,0.0,0.0,1.0,0.0,Neutral
cast,0.0,0.0,1.0,0.0,Neutral
great,1.0,0.0,0.0,0.6249,Positive
pointand,0.0,0.0,1.0,0.0,Neutral
recommend,1.0,0.0,0.0,0.3612,Positive
peoplewith,0.0,0.0,1.0,0.0,Neutral
oili,0.0,0.0,1.0,0.0,Neutral
skin,0.0,0.0,1.0,0.0,Neutral
usual,0.0,0.0,1.0,0.0,Neutral
deeper,0.0,0.0,1.0,0.0,Neutral
skinton,0.0,0.0,1.0,0.0,Neutral
wontgiv,0.0,0.0,1.0,0.0,Neutral
white,0.0,0.0,1.0,0.0,Neutral
cast,0.0,0.0,1.0,0.0,Neutral
le,0.0,0.0,1.0,0.0,Neutral
thesewer,0.0,0.0,1.0,0.0,Neutral
basic,0.0,0.0,1.0,0.0,Neutral
differ,0.0,0.0,1.0,0.0,Neutral
aphys,0.0,0.0,1.0,0.0,Neutral
chemic,0.0,0.0,1.0,0.0,Neutral
sunscreennow,0.0,0.0,1.0,0.0,Neutral
let,0.0,0.0,1.0,0.0,Neutral
move,0.0,0.0,1.0,0.0,Neutral
look,0.0,0.0,1.0,0.0,Neutral
theproduct,0.0,0.0,1.0,0.0,Neutral
first,0.0,0.0,1.0,0.0,Neutral
one,0.0,0.0,1.0,0.0,Neutral
thisth,0.0,0.0,1.0,0.0,Neutral
neutrogena,0.0,0.0,1.0,0.0,Neutral
shear,0.0,0.0,1.0,0.0,Neutral
zinc,0.0,0.0,1.0,0.0,Neutral
dri,0.0,0.0,1.0,0.0,Neutral
touchsunscreen,0.0,0.0,1.0,0.0,Neutral
spf,0.0,0.0,1.0,0.0,Neutral
plu,0.0,0.0,1.0,0.0,Neutral
paplu,0.0,0.0,1.0,0.0,Neutral
ml,0.0,0.0,1.0,0.0,Neutral
bottl,0.0,0.0,1.0,0.0,Neutral
retailsfor,0.0,0.0,1.0,0.0,Neutral
rupe,0.0,0.0,1.0,0.0,Neutral
onei,0.0,0.0,1.0,0.0,Neutral
target,0.0,0.0,1.0,0.0,Neutral
peopl,0.0,0.0,1.0,0.0,Neutral
sensitiveskinso,0.0,0.0,1.0,0.0,Neutral
one,0.0,0.0,1.0,0.0,Neutral
physic,0.0,0.0,1.0,0.0,Neutral
sunscreen,0.0,0.0,1.0,0.0,Neutral
aminer,0.0,0.0,1.0,0.0,Neutral
base,0.0,0.0,1.0,0.0,Neutral
sunscreen,0.0,0.0,1.0,0.0,Neutral
mineralus,0.0,0.0,1.0,0.0,Neutral
zinc,0.0,0.0,1.0,0.0,Neutral
oxidenow,0.0,0.0,1.0,0.0,Neutral
zinc,0.0,0.0,1.0,0.0,Neutral
oxid,0.0,0.0,1.0,0.0,Neutral
realli,0.0,0.0,1.0,0.0,Neutral
greatingredi,0.0,0.0,1.0,0.0,Neutral
give,0.0,0.0,1.0,0.0,Neutral
protectionagainst,0.0,0.0,1.0,0.0,Neutral
form,0.0,0.0,1.0,0.0,Neutral
uva,0.0,0.0,1.0,0.0,Neutral
uvbray,0.0,0.0,1.0,0.0,Neutral
environment,0.0,0.0,1.0,0.0,Neutral
damag,0.0,0.0,1.0,0.0,Neutral
soyou,0.0,0.0,1.0,0.0,Neutral
get,0.0,0.0,1.0,0.0,Neutral
broad,0.0,0.0,1.0,0.0,Neutral
spectrum,0.0,0.0,1.0,0.0,Neutral
protectionalso,0.0,0.0,1.0,0.0,Neutral
good,1.0,0.0,0.0,0.4404,Positive
thing,0.0,0.0,1.0,0.0,Neutral
onei,0.0,0.0,1.0,0.0,Neutral
fragranc,0.0,0.0,1.0,0.0,Neutral
freeand,0.0,0.0,1.0,0.0,Neutral
hypoallergen,0.0,0.0,1.0,0.0,Neutral
greatfor,0.0,0.0,1.0,0.0,Neutral
peopl,0.0,0.0,1.0,0.0,Neutral
sensit,0.0,0.0,1.0,0.0,Neutral
skin,0.0,0.0,1.0,0.0,Neutral
oractuallyani,0.0,0.0,1.0,0.0,Neutral
skin,0.0,0.0,1.0,0.0,Neutral
type,0.0,0.0,1.0,0.0,Neutral
matter,1.0,0.0,0.0,0.0258,Neutral
thedownsid,0.0,0.0,1.0,0.0,Neutral
though,0.0,0.0,1.0,0.0,Neutral
thatthat,0.0,0.0,1.0,0.0,Neutral
littl,0.0,0.0,1.0,0.0,Neutral
bit,0.0,0.0,1.0,0.0,Neutral
thick,0.0,0.0,1.0,0.0,Neutral
notgreasi,0.0,0.0,1.0,0.0,Neutral
youll,0.0,0.0,1.0,0.0,Neutral
take,0.0,0.0,1.0,0.0,Neutral
timeto,0.0,0.0,1.0,0.0,Neutral
work,0.0,0.0,1.0,0.0,Neutral
skinth,0.0,0.0,1.0,0.0,Neutral
thing,0.0,0.0,1.0,0.0,Neutral
give,0.0,0.0,1.0,0.0,Neutral
youa,0.0,0.0,1.0,0.0,Neutral
good,1.0,0.0,0.0,0.4404,Positive
amount,0.0,0.0,1.0,0.0,Neutral
white,0.0,0.0,1.0,0.0,Neutral
castthough,0.0,0.0,1.0,0.0,Neutral
TRUE,1.0,0.0,0.0,0.4215,Positive
zinc,0.0,0.0,1.0,0.0,Neutral
basedsunscreen,0.0,0.0,1.0,0.0,Neutral
youll,0.0,0.0,1.0,0.0,Neutral
make,0.0,0.0,1.0,0.0,Neutral
apointbecaus,0.0,0.0,1.0,0.0,Neutral
indian,0.0,0.0,1.0,0.0,Neutral
skin,0.0,0.0,1.0,0.0,Neutral
tone,0.0,0.0,1.0,0.0,Neutral
wedont,0.0,0.0,1.0,0.0,Neutral
want,1.0,0.0,0.0,0.0772,Positive
look,0.0,0.0,1.0,0.0,Neutral
like,1.0,0.0,0.0,0.3612,Positive
ghoststh,0.0,0.0,1.0,0.0,Neutral
trick,0.0,1.0,0.0,-0.0516,Negative
take,0.0,0.0,1.0,0.0,Neutral
littl,0.0,0.0,1.0,0.0,Neutral
bit,0.0,0.0,1.0,0.0,Neutral
andappli,0.0,0.0,1.0,0.0,Neutral
work,0.0,0.0,1.0,0.0,Neutral
skin,0.0,0.0,1.0,0.0,Neutral
takeanoth,0.0,0.0,1.0,0.0,Neutral
bit,0.0,0.0,1.0,0.0,Neutral
work,0.0,0.0,1.0,0.0,Neutral
skinlik,0.0,0.0,1.0,0.0,Neutral
your,0.0,0.0,1.0,0.0,Neutral
layer,0.0,0.0,1.0,0.0,Neutral
sunscreenth,0.0,0.0,1.0,0.0,Neutral
thing,0.0,0.0,1.0,0.0,Neutral
ifyou,0.0,0.0,1.0,0.0,Neutral
wear,0.0,0.0,1.0,0.0,Neutral
makeup,0.0,0.0,1.0,0.0,Neutral
add,0.0,0.0,1.0,0.0,Neutral
littlebit,0.0,0.0,1.0,0.0,Neutral
ofdark,0.0,0.0,1.0,0.0,Neutral
color,0.0,0.0,1.0,0.0,Neutral
foundat,0.0,0.0,1.0,0.0,Neutral
cc,0.0,0.0,1.0,0.0,Neutral
creamwith,0.0,0.0,1.0,0.0,Neutral
becom,0.0,0.0,1.0,0.0,Neutral
tintedsunscreen,0.0,0.0,1.0,0.0,Neutral
make,0.0,0.0,1.0,0.0,Neutral
sen,0.0,0.0,1.0,0.0,Neutral
itwontg,0.0,0.0,1.0,0.0,Neutral
white,0.0,0.0,1.0,0.0,Neutral
cast,0.0,0.0,1.0,0.0,Neutral
bad,0.0,1.0,0.0,-0.5423,Negative
otheron,0.0,0.0,1.0,0.0,Neutral
neutrogena,0.0,0.0,1.0,0.0,Neutral
ultra,0.0,0.0,1.0,0.0,Neutral
shear,0.0,0.0,1.0,0.0,Neutral
drytouch,0.0,0.0,1.0,0.0,Neutral
sunblockwith,0.0,0.0,1.0,0.0,Neutral
spf,0.0,0.0,1.0,0.0,Neutral
plu,0.0,0.0,1.0,0.0,Neutral
pa,0.0,0.0,1.0,0.0,Neutral
tripl,0.0,0.0,1.0,0.0,Neutral
plu,0.0,0.0,1.0,0.0,Neutral
thison,0.0,0.0,1.0,0.0,Neutral
ml,0.0,0.0,1.0,0.0,Neutral
retail,0.0,0.0,1.0,0.0,Neutral
rupeesthi,0.0,0.0,1.0,0.0,Neutral
one,0.0,0.0,1.0,0.0,Neutral
say,0.0,0.0,1.0,0.0,Neutral
helioplextechnologywhich,0.0,0.0,1.0,0.0,Neutral
repres,0.0,0.0,1.0,0.0,Neutral
breadth,0.0,0.0,1.0,0.0,Neutral
stabilizedsunscreen,0.0,0.0,1.0,0.0,Neutral
engin,0.0,0.0,1.0,0.0,Neutral
deliv,0.0,0.0,1.0,0.0,Neutral
broadspectrum,0.0,0.0,1.0,0.0,Neutral
protectionnow,0.0,0.0,1.0,0.0,Neutral
keep,0.0,0.0,1.0,0.0,Neutral
mind,0.0,0.0,1.0,0.0,Neutral
chemicalsunscreenand,0.0,0.0,1.0,0.0,Neutral
chemic,0.0,0.0,1.0,0.0,Neutral
uv,0.0,0.0,1.0,0.0,Neutral
filter,0.0,0.0,1.0,0.0,Neutral
often,0.0,0.0,1.0,0.0,Neutral
provideprotect,0.0,0.0,1.0,0.0,Neutral
either,0.0,0.0,1.0,0.0,Neutral
uvaor,0.0,0.0,1.0,0.0,Neutral
uvb,0.0,0.0,1.0,0.0,Neutral
ray,0.0,0.0,1.0,0.0,Neutral
also,0.0,0.0,1.0,0.0,Neutral
weak,0.0,1.0,0.0,-0.4404,Negative
andphoto,0.0,0.0,1.0,0.0,Neutral
unstableso,0.0,0.0,1.0,0.0,Neutral
would,0.0,0.0,1.0,0.0,Neutral
brand,0.0,0.0,1.0,0.0,Neutral
wouldmix,0.0,0.0,1.0,0.0,Neutral
three,0.0,0.0,1.0,0.0,Neutral
differentchem,0.0,0.0,1.0,0.0,Neutral
uv,0.0,0.0,1.0,0.0,Neutral
filtersengin,0.0,0.0,1.0,0.0,Neutral
stabl,0.0,0.0,1.0,0.0,Neutral
workproperli,0.0,0.0,1.0,0.0,Neutral
togetherso,0.0,0.0,1.0,0.0,Neutral
product,0.0,0.0,1.0,0.0,Neutral
give,0.0,0.0,1.0,0.0,Neutral
broadspectrum,0.0,0.0,1.0,0.0,Neutral
protectioni,0.0,0.0,1.0,0.0,Neutral
leav,0.0,0.0,1.0,0.0,Neutral
name,0.0,0.0,1.0,0.0,Neutral
uv,0.0,0.0,1.0,0.0,Neutral
filter,0.0,0.0,1.0,0.0,Neutral
usedin,0.0,0.0,1.0,0.0,Neutral
one,0.0,0.0,1.0,0.0,Neutral
screen,0.0,0.0,1.0,0.0,Neutral
somewherea,0.0,0.0,1.0,0.0,Neutral
chemic,0.0,0.0,1.0,0.0,Neutral
sunscreen,0.0,0.0,1.0,0.0,Neutral
belight,0.0,0.0,1.0,0.0,Neutral
skinit,0.0,0.0,1.0,0.0,Neutral
easier,1.0,0.0,0.0,0.4215,Positive
blend,0.0,0.0,1.0,0.0,Neutral
wontgiv,0.0,0.0,1.0,0.0,Neutral
white,0.0,0.0,1.0,0.0,Neutral
castwhich,0.0,0.0,1.0,0.0,Neutral
great,1.0,0.0,0.0,0.6249,Positive
problem,0.0,1.0,0.0,-0.4019,Negative
ariseswith,0.0,0.0,1.0,0.0,Neutral
chemic,0.0,0.0,1.0,0.0,Neutral
uv,0.0,0.0,1.0,0.0,Neutral
filtersther,0.0,0.0,1.0,0.0,Neutral
concern,0.0,0.0,1.0,0.0,Neutral
well,1.0,0.0,0.0,0.2732,Positive
withoxybenzon,0.0,0.0,1.0,0.0,Neutral
particular,0.0,0.0,1.0,0.0,Neutral
let,0.0,0.0,1.0,0.0,Neutral
seewhat,0.0,0.0,1.0,0.0,Neutral
arenumb,0.0,0.0,1.0,0.0,Neutral
one,0.0,0.0,1.0,0.0,Neutral
skin,0.0,0.0,1.0,0.0,Neutral
absorbsthes,0.0,0.0,1.0,0.0,Neutral
ingredientsth,0.0,0.0,1.0,0.0,Neutral
trace,0.0,0.0,1.0,0.0,Neutral
chemic,0.0,0.0,1.0,0.0,Neutral
uv,0.0,0.0,1.0,0.0,Neutral
filtershav,0.0,0.0,1.0,0.0,Neutral
found,0.0,0.0,1.0,0.0,Neutral
human,0.0,0.0,1.0,0.0,Neutral
breast,0.0,0.0,1.0,0.0,Neutral
milkurineand,0.0,0.0,1.0,0.0,Neutral
blood,0.0,0.0,1.0,0.0,Neutral
said,0.0,0.0,1.0,0.0,Neutral
canbepotenti,0.0,0.0,1.0,0.0,Neutral
disrupt,0.0,0.0,1.0,0.0,Neutral
hormon,0.0,0.0,1.0,0.0,Neutral
ourbodybut,0.0,0.0,1.0,0.0,Neutral
clinic,0.0,0.0,1.0,0.0,Neutral
signific,0.0,0.0,1.0,0.0,Neutral
asto,0.0,0.0,1.0,0.0,Neutral
extentbut,0.0,0.0,1.0,0.0,Neutral
due,0.0,0.0,1.0,0.0,Neutral
concern,0.0,0.0,1.0,0.0,Neutral
isadvis,0.0,0.0,1.0,0.0,Neutral
woman,0.0,0.0,1.0,0.0,Neutral
pregnantor,0.0,0.0,1.0,0.0,Neutral
breastfeed,0.0,0.0,1.0,0.0,Neutral
avoid,0.0,1.0,0.0,-0.296,Negative
theus,0.0,0.0,1.0,0.0,Neutral
physic,0.0,0.0,1.0,0.0,Neutral
sunscreensnumb,0.0,0.0,1.0,0.0,Neutral
two,0.0,0.0,1.0,0.0,Neutral
oxybenzon,0.0,0.0,1.0,0.0,Neutral
allergen,0.0,0.0,1.0,0.0,Neutral
andcan,0.0,0.0,1.0,0.0,Neutral
caus,0.0,0.0,1.0,0.0,Neutral
skin,0.0,0.0,1.0,0.0,Neutral
reaction,0.0,0.0,1.0,0.0,Neutral
rednessand,0.0,0.0,1.0,0.0,Neutral
itchinessif,0.0,0.0,1.0,0.0,Neutral
alreadi,0.0,0.0,1.0,0.0,Neutral
sensit,0.0,0.0,1.0,0.0,Neutral
skinit,0.0,0.0,1.0,0.0,Neutral
advis,0.0,0.0,1.0,0.0,Neutral
tonot,0.0,0.0,1.0,0.0,Neutral
use,0.0,0.0,1.0,0.0,Neutral
chemic,0.0,0.0,1.0,0.0,Neutral
sunscreen,0.0,0.0,1.0,0.0,Neutral
move,0.0,0.0,1.0,0.0,Neutral
toa,0.0,0.0,1.0,0.0,Neutral
physic,0.0,0.0,1.0,0.0,Neutral
sunscreen,0.0,0.0,1.0,0.0,Neutral
insteadand,0.0,0.0,1.0,0.0,Neutral
number,1.0,0.0,0.0,0.0772,Positive
three,0.0,0.0,1.0,0.0,Neutral
believ,0.0,0.0,1.0,0.0,Neutral
thatoxybenzon,0.0,0.0,1.0,0.0,Neutral
chemic,0.0,0.0,1.0,0.0,Neutral
uv,0.0,0.0,1.0,0.0,Neutral
filterscan,0.0,0.0,1.0,0.0,Neutral
potenti,0.0,0.0,1.0,0.0,Neutral
harm,0.0,1.0,0.0,-0.5423,Negative
oceanbi,0.0,0.0,1.0,0.0,Neutral
damag,0.0,0.0,1.0,0.0,Neutral
coral,0.0,0.0,1.0,0.0,Neutral
reef,0.0,0.0,1.0,0.0,Neutral
someplac,0.0,0.0,1.0,0.0,Neutral
like,1.0,0.0,0.0,0.3612,Positive
hawaii,0.0,0.0,1.0,0.0,Neutral
evenban,0.0,0.0,1.0,0.0,Neutral
sale,0.0,0.0,1.0,0.0,Neutral
sunscreen,0.0,0.0,1.0,0.0,Neutral
usethat,0.0,0.0,1.0,0.0,Neutral
formul,0.0,0.0,1.0,0.0,Neutral
chemicaluv,0.0,0.0,1.0,0.0,Neutral
filtersnow,0.0,0.0,1.0,0.0,Neutral
pan,0.0,0.0,1.0,0.0,Neutral
india,0.0,0.0,1.0,0.0,Neutral
iti,0.0,0.0,1.0,0.0,Neutral
advis,0.0,0.0,1.0,0.0,Neutral
peopl,0.0,0.0,1.0,0.0,Neutral
surfersdivers,0.0,0.0,1.0,0.0,Neutral
swimmer,0.0,0.0,1.0,0.0,Neutral
peopl,0.0,0.0,1.0,0.0,Neutral
visitingth,0.0,0.0,1.0,0.0,Neutral
beach,0.0,0.0,1.0,0.0,Neutral
use,0.0,0.0,1.0,0.0,Neutral
physicalor,0.0,0.0,1.0,0.0,Neutral
miner,0.0,0.0,1.0,0.0,Neutral
base,0.0,0.0,1.0,0.0,Neutral
sunscreen,0.0,0.0,1.0,0.0,Neutral
instead,0.0,0.0,1.0,0.0,Neutral
soapart,0.0,0.0,1.0,0.0,Neutral
debatablechem,0.0,0.0,1.0,0.0,Neutral
uv,0.0,0.0,1.0,0.0,Neutral
filter,0.0,0.0,1.0,0.0,Neutral
theother,0.0,0.0,1.0,0.0,Neutral
neutrogena,0.0,0.0,1.0,0.0,Neutral
productsalso,0.0,0.0,1.0,0.0,Neutral
contain,0.0,0.0,1.0,0.0,Neutral
undisclos,0.0,0.0,1.0,0.0,Neutral
fragranc,0.0,0.0,1.0,0.0,Neutral
nowfragr,0.0,0.0,1.0,0.0,Neutral
give,0.0,0.0,1.0,0.0,Neutral
sensorialexperiencebut,0.0,0.0,1.0,0.0,Neutral
good,1.0,0.0,0.0,0.4404,Positive
skin,0.0,0.0,1.0,0.0,Neutral
andespeci,0.0,0.0,1.0,0.0,Neutral
formula,0.0,0.0,1.0,0.0,Neutral
likesunscreen,0.0,0.0,1.0,0.0,Neutral
reapplyeveri,0.0,0.0,1.0,0.0,Neutral
two,0.0,0.0,1.0,0.0,Neutral
three,0.0,0.0,1.0,0.0,Neutral
hoursand,0.0,0.0,1.0,0.0,Neutral
good,1.0,0.0,0.0,0.4404,Positive
amount,0.0,0.0,1.0,0.0,Neutral
good,1.0,0.0,0.0,0.4404,Positive
foryour,0.0,0.0,1.0,0.0,Neutral
skinokay,0.0,0.0,1.0,0.0,Neutral
let,0.0,0.0,1.0,0.0,Neutral
quickcomparison,0.0,0.0,1.0,0.0,Neutral
twothi,0.0,0.0,1.0,0.0,Neutral
physic,0.0,0.0,1.0,0.0,Neutral
sunscreen,0.0,0.0,1.0,0.0,Neutral
one,0.0,0.0,1.0,0.0,Neutral
isa,0.0,0.0,1.0,0.0,Neutral
chemic,0.0,0.0,1.0,0.0,Neutral
sunscreen,0.0,0.0,1.0,0.0,Neutral
zinc,0.0,0.0,1.0,0.0,Neutral
oxidethi,0.0,0.0,1.0,0.0,Neutral
chemic,0.0,0.0,1.0,0.0,Neutral
uv,0.0,0.0,1.0,0.0,Neutral
filtersthi,0.0,0.0,1.0,0.0,Neutral
one,0.0,0.0,1.0,0.0,Neutral
cheaper,0.0,0.0,1.0,0.0,Neutral
wont,0.0,0.0,1.0,0.0,Neutral
give,0.0,0.0,1.0,0.0,Neutral
awhit,0.0,0.0,1.0,0.0,Neutral
castthi,0.0,0.0,1.0,0.0,Neutral
give,0.0,0.0,1.0,0.0,Neutral
white,0.0,0.0,1.0,0.0,Neutral
cast,0.0,0.0,1.0,0.0,Neutral
alittl,0.0,0.0,1.0,0.0,Neutral
bitthick,0.0,0.0,1.0,0.0,Neutral
oneha,0.0,0.0,1.0,0.0,Neutral
fragranc,0.0,0.0,1.0,0.0,Neutral
one,0.0,0.0,1.0,0.0,Neutral
fragranceso,0.0,0.0,1.0,0.0,Neutral
final,0.0,0.0,1.0,0.0,Neutral
thought,0.0,0.0,1.0,0.0,Neutral
purchas,0.0,0.0,1.0,0.0,Neutral
bothof,0.0,0.0,1.0,0.0,Neutral
use,0.0,0.0,1.0,0.0,Neutral
thembut,0.0,0.0,1.0,0.0,Neutral
recommend,1.0,0.0,0.0,0.3612,Positive
one,0.0,0.0,1.0,0.0,Neutral
iwould,0.0,0.0,1.0,0.0,Neutral
suggest,0.0,0.0,1.0,0.0,Neutral
go,0.0,0.0,1.0,0.0,Neutral
sheer,0.0,0.0,1.0,0.0,Neutral
zinconei,0.0,0.0,1.0,0.0,Neutral
know,0.0,0.0,1.0,0.0,Neutral
give,0.0,0.0,1.0,0.0,Neutral
white,0.0,0.0,1.0,0.0,Neutral
cast,0.0,0.0,1.0,0.0,Neutral
anddeep,0.0,0.0,1.0,0.0,Neutral
complexionsever,0.0,0.0,1.0,0.0,Neutral
white,0.0,0.0,1.0,0.0,Neutral
cast,0.0,0.0,1.0,0.0,Neutral
issaferth,0.0,0.0,1.0,0.0,Neutral
formul,0.0,0.0,1.0,0.0,Neutral
better,1.0,0.0,0.0,0.4404,Positive
littlebit,0.0,0.0,1.0,0.0,Neutral
thick,0.0,0.0,1.0,0.0,Neutral
greasi,0.0,0.0,1.0,0.0,Neutral
itwil,0.0,0.0,1.0,0.0,Neutral
work,0.0,0.0,1.0,0.0,Neutral
skin,0.0,0.0,1.0,0.0,Neutral
typesim,0.0,0.0,1.0,0.0,Neutral
go,0.0,0.0,1.0,0.0,Neutral
leav,0.0,0.0,1.0,0.0,Neutral
wellyou,0.0,0.0,1.0,0.0,Neutral
canmak,0.0,0.0,1.0,0.0,Neutral
decis,0.0,0.0,1.0,0.0,Neutral
canpick,0.0,0.0,1.0,0.0,Neutral
one,0.0,0.0,1.0,0.0,Neutral
better,1.0,0.0,0.0,0.4404,Positive
suit,0.0,0.0,1.0,0.0,Neutral
youthat,0.0,0.0,1.0,0.0,Neutral
video,0.0,0.0,1.0,0.0,Neutral
today,0.0,0.0,1.0,0.0,Neutral
guysthank,0.0,0.0,1.0,0.0,Neutral
much,0.0,0.0,1.0,0.0,Neutral
watchingif,0.0,0.0,1.0,0.0,Neutral
think,0.0,0.0,1.0,0.0,Neutral
video,0.0,0.0,1.0,0.0,Neutral
helpfulpleas,0.0,0.0,1.0,0.0,Neutral
hit,0.0,0.0,1.0,0.0,Neutral
like,1.0,0.0,0.0,0.3612,Positive
buttonand,0.0,0.0,1.0,0.0,Neutral
subscrib,0.0,0.0,1.0,0.0,Neutral
channel,0.0,0.0,1.0,0.0,Neutral
moreskincar,0.0,0.0,1.0,0.0,Neutral
content,0.0,0.0,1.0,0.0,Neutral
ill,0.0,1.0,0.0,-0.4215,Negative
see,0.0,0.0,1.0,0.0,Neutral
guy,0.0,0.0,1.0,0.0,Neutral
mynext,0.0,0.0,1.0,0.0,Neutral
videothank,0.0,0.0,1.0,0.0,Neutral
byehey,0.0,0.0,1.0,0.0,Neutral
guy,0.0,0.0,1.0,0.0,Neutral
today,0.0,0.0,1.0,0.0,Neutral
im,0.0,0.0,1.0,0.0,Neutral
talk,0.0,0.0,1.0,0.0,Neutral
aboutneutrogena,0.0,0.0,1.0,0.0,Neutral
sunscreenther,0.0,0.0,1.0,0.0,Neutral
neutrogena,0.0,0.0,1.0,0.0,Neutral
sunscreenopt,0.0,0.0,1.0,0.0,Neutral
choos,0.0,0.0,1.0,0.0,Neutral
right,0.0,0.0,1.0,0.0,Neutral
nowy,0.0,0.0,1.0,0.0,Neutral
super,1.0,0.0,0.0,0.5994,Positive
overwhelm,0.0,1.0,0.0,-0.1779,Negative
whyexactli,0.0,0.0,1.0,0.0,Neutral
mani,0.0,0.0,1.0,0.0,Neutral
optionsi,0.0,0.0,1.0,0.0,Neutral
went,0.0,0.0,1.0,0.0,Neutral
everi,0.0,0.0,1.0,0.0,Neutral
singl,0.0,0.0,1.0,0.0,Neutral
one,0.0,0.0,1.0,0.0,Neutral
option,0.0,0.0,1.0,0.0,Neutral
review,0.0,0.0,1.0,0.0,Neutral
ingredient,0.0,0.0,1.0,0.0,Neutral
person,0.0,0.0,1.0,0.0,Neutral
test,0.0,0.0,1.0,0.0,Neutral
larg,0.0,0.0,1.0,0.0,Neutral
majorityof,0.0,0.0,1.0,0.0,Neutral
yearsand,0.0,0.0,1.0,0.0,Neutral
recent,0.0,0.0,1.0,0.0,Neutral
researchfor,0.0,0.0,1.0,0.0,Neutral
topic,0.0,0.0,1.0,0.0,Neutral
im,0.0,0.0,1.0,0.0,Neutral
todecod,0.0,0.0,1.0,0.0,Neutral
neutrogena,0.0,0.0,1.0,0.0,Neutral
sunscreenopt,0.0,0.0,1.0,0.0,Neutral
videolet,0.0,0.0,1.0,0.0,Neutral
tell,0.0,0.0,1.0,0.0,Neutral
sunscreenopt,0.0,0.0,1.0,0.0,Neutral
realli,0.0,0.0,1.0,0.0,Neutral
smallnumb,0.0,0.0,1.0,0.0,Neutral
actual,0.0,0.0,1.0,0.0,Neutral
recommendand,0.0,0.0,1.0,0.0,Neutral
person,0.0,0.0,1.0,0.0,Neutral
use,0.0,0.0,1.0,0.0,Neutral
rest,0.0,0.0,1.0,0.0,Neutral
donot,0.0,0.0,1.0,0.0,Neutral
recommend,1.0,0.0,0.0,0.3612,Positive
tell,0.0,0.0,1.0,0.0,Neutral
allabout,0.0,0.0,1.0,0.0,Neutral
watch,0.0,0.0,1.0,0.0,Neutral
video,0.0,0.0,1.0,0.0,Neutral
waythrough,0.0,0.0,1.0,0.0,Neutral
easili,0.0,0.0,1.0,0.0,Neutral
understandhow,0.0,0.0,1.0,0.0,Neutral
sort,0.0,0.0,1.0,0.0,Neutral
option,0.0,0.0,1.0,0.0,Neutral
andultimatelyland,0.0,0.0,1.0,0.0,Neutral
product,0.0,0.0,1.0,0.0,Neutral
that,0.0,0.0,1.0,0.0,Neutral
right,0.0,0.0,1.0,0.0,Neutral
youin,0.0,0.0,1.0,0.0,Neutral
famili,0.0,0.0,1.0,0.0,Neutral
mani,0.0,0.0,1.0,0.0,Neutral
thingsthat,0.0,0.0,1.0,0.0,Neutral
talk,0.0,0.0,1.0,0.0,Neutral
teach,0.0,0.0,1.0,0.0,Neutral
youaboutin,0.0,0.0,1.0,0.0,Neutral
video,0.0,0.0,1.0,0.0,Neutral
today,0.0,0.0,1.0,0.0,Neutral
relat,0.0,0.0,1.0,0.0,Neutral
othersunscreen,0.0,0.0,1.0,0.0,Neutral
brand,0.0,0.0,1.0,0.0,Neutral
wellso,0.0,0.0,1.0,0.0,Neutral
learn,0.0,0.0,1.0,0.0,Neutral
today,0.0,0.0,1.0,0.0,Neutral
alsob,0.0,0.0,1.0,0.0,Neutral
abl,0.0,0.0,1.0,0.0,Neutral
help,1.0,0.0,0.0,0.4019,Positive
pick,0.0,0.0,1.0,0.0,Neutral
outth,0.0,0.0,1.0,0.0,Neutral
best,1.0,0.0,0.0,0.6369,Positive
sunscreen,0.0,0.0,1.0,0.0,Neutral
competingbrand,0.0,0.0,1.0,0.0,Neutral
listen,0.0,0.0,1.0,0.0,Neutral
meon,0.0,0.0,1.0,0.0,Neutral
topic,0.0,0.0,1.0,0.0,Neutral
im,0.0,0.0,1.0,0.0,Neutral
board,0.0,0.0,1.0,0.0,Neutral
certifieddermatologist,0.0,0.0,1.0,0.0,Neutral
lanei,0.0,0.0,1.0,0.0,Neutral
research,0.0,0.0,1.0,0.0,Neutral
sunscreen,0.0,0.0,1.0,0.0,Neutral
italk,0.0,0.0,1.0,0.0,Neutral
patient,0.0,0.0,1.0,0.0,Neutral
everysingleday,0.0,0.0,1.0,0.0,Neutral
believ,0.0,0.0,1.0,0.0,Neutral
sunscreen,0.0,0.0,1.0,0.0,Neutral
importantpart,0.0,0.0,1.0,0.0,Neutral
daili,0.0,0.0,1.0,0.0,Neutral
skin,0.0,0.0,1.0,0.0,Neutral
care,1.0,0.0,0.0,0.4939,Positive
routineso,0.0,0.0,1.0,0.0,Neutral
need,0.0,0.0,1.0,0.0,Neutral
find,0.0,0.0,1.0,0.0,Neutral
one,0.0,0.0,1.0,0.0,Neutral
like,1.0,0.0,0.0,0.3612,Positive
andthat,0.0,0.0,1.0,0.0,Neutral
trustand,0.0,0.0,1.0,0.0,Neutral
well,1.0,0.0,0.0,0.2732,Positive
use,0.0,0.0,1.0,0.0,Neutral
consist,0.0,0.0,1.0,0.0,Neutral
isyour,0.0,0.0,1.0,0.0,Neutral
first,0.0,0.0,1.0,0.0,Neutral
time,0.0,0.0,1.0,0.0,Neutral
channelwelcom,0.0,0.0,1.0,0.0,Neutral
im,0.0,0.0,1.0,0.0,Neutral
dr,0.0,0.0,1.0,0.0,Neutral
marin,0.0,0.0,1.0,0.0,Neutral
lock,0.0,0.0,1.0,0.0,Neutral
better,1.0,0.0,0.0,0.4404,Positive
knownher,0.0,0.0,1.0,0.0,Neutral
youtub,0.0,0.0,1.0,0.0,Neutral
budgetdermatologistwher,0.0,0.0,1.0,0.0,Neutral
show,0.0,0.0,1.0,0.0,Neutral
transform,0.0,0.0,1.0,0.0,Neutral
yourskin,0.0,0.0,1.0,0.0,Neutral
budgetmak,0.0,0.0,1.0,0.0,Neutral
sure,1.0,0.0,0.0,0.3182,Positive
subscrib,0.0,0.0,1.0,0.0,Neutral
channel,0.0,0.0,1.0,0.0,Neutral
soyou,0.0,0.0,1.0,0.0,Neutral
dont,0.0,0.0,1.0,0.0,Neutral
miss,0.0,1.0,0.0,-0.1531,Negative
videosg,0.0,0.0,1.0,0.0,Neutral
thumb,0.0,0.0,1.0,0.0,Neutral
like,1.0,0.0,0.0,0.3612,Positive
themand,0.0,0.0,1.0,0.0,Neutral
want,1.0,0.0,0.0,0.0772,Positive
even,0.0,0.0,1.0,0.0,Neutral
content,0.0,0.0,1.0,0.0,Neutral
fromm,0.0,0.0,1.0,0.0,Neutral
follow,0.0,0.0,1.0,0.0,Neutral
along,0.0,0.0,1.0,0.0,Neutral
othersoci,0.0,0.0,1.0,0.0,Neutral
medium,0.0,0.0,1.0,0.0,Neutral
account,0.0,0.0,1.0,0.0,Neutral
alway,0.0,0.0,1.0,0.0,Neutral
linkbelow,0.0,0.0,1.0,0.0,Neutral
come,0.0,0.0,1.0,0.0,Neutral
say,0.0,0.0,1.0,0.0,Neutral
hiso,0.0,0.0,1.0,0.0,Neutral
neutrogena,0.0,0.0,1.0,0.0,Neutral
one,0.0,0.0,1.0,0.0,Neutral
mostwellknown,0.0,0.0,1.0,0.0,Neutral
longstand,0.0,0.0,1.0,0.0,Neutral
brand,0.0,0.0,1.0,0.0,Neutral
inth,0.0,0.0,1.0,0.0,Neutral
skincar,0.0,0.0,1.0,0.0,Neutral
industryspecif,0.0,0.0,1.0,0.0,Neutral
sunscreen,0.0,0.0,1.0,0.0,Neutral
product,0.0,0.0,1.0,0.0,Neutral
ilov,0.0,0.0,1.0,0.0,Neutral
brandbecaus,0.0,0.0,1.0,0.0,Neutral
afford,0.0,0.0,1.0,0.0,Neutral
widelyavailablei,0.0,0.0,1.0,0.0,Neutral
believ,0.0,0.0,1.0,0.0,Neutral
qualiti,0.0,0.0,1.0,0.0,Neutral
skincar,0.0,0.0,1.0,0.0,Neutral
productsespeci,0.0,0.0,1.0,0.0,Neutral
sunscreensshould,0.0,0.0,1.0,0.0,Neutral
access,0.0,0.0,1.0,0.0,Neutral
thatsaid,0.0,0.0,1.0,0.0,Neutral
neutrogena,0.0,0.0,1.0,0.0,Neutral
hasway,0.0,0.0,1.0,0.0,Neutral
mani,0.0,0.0,1.0,0.0,Neutral
sunscreen,0.0,0.0,1.0,0.0,Neutral
option,0.0,0.0,1.0,0.0,Neutral
whenlook,0.0,0.0,1.0,0.0,Neutral
websit,0.0,0.0,1.0,0.0,Neutral
right,0.0,0.0,1.0,0.0,Neutral
nowyou,0.0,0.0,1.0,0.0,Neutral
see,0.0,0.0,1.0,0.0,Neutral
uniqu,0.0,0.0,1.0,0.0,Neutral
sunscreen,0.0,0.0,1.0,0.0,Neutral
optionsto,0.0,0.0,1.0,0.0,Neutral
choos,0.0,0.0,1.0,0.0,Neutral
averageconsum,0.0,0.0,1.0,0.0,Neutral
hop,0.0,0.0,1.0,0.0,Neutral
websit,0.0,0.0,1.0,0.0,Neutral
orstop,0.0,0.0,1.0,0.0,Neutral
drugstor,0.0,0.0,1.0,0.0,Neutral
grab,0.0,0.0,1.0,0.0,Neutral
somesunscreen,0.0,0.0,1.0,0.0,Neutral
way,0.0,0.0,1.0,0.0,Neutral
beachknow,0.0,0.0,1.0,0.0,Neutral
one,0.0,0.0,1.0,0.0,Neutral
choos,0.0,0.0,1.0,0.0,Neutral
one,0.0,0.0,1.0,0.0,Neutral
isgood,0.0,0.0,1.0,0.0,Neutral
facewhich,0.0,0.0,1.0,0.0,Neutral
one,0.0,0.0,1.0,0.0,Neutral
good,1.0,0.0,0.0,0.4404,Positive
bodi,0.0,0.0,1.0,0.0,Neutral
oneshould,0.0,0.0,1.0,0.0,Neutral
use,0.0,0.0,1.0,0.0,Neutral
babi,0.0,0.0,1.0,0.0,Neutral
childand,0.0,0.0,1.0,0.0,Neutral
one,0.0,0.0,1.0,0.0,Neutral
wear,0.0,0.0,1.0,0.0,Neutral
withmakeup,0.0,0.0,1.0,0.0,Neutral
one,0.0,0.0,1.0,0.0,Neutral
wear,0.0,0.0,1.0,0.0,Neutral
toth,0.0,0.0,1.0,0.0,Neutral
beach,0.0,0.0,1.0,0.0,Neutral
swim,0.0,0.0,1.0,0.0,Neutral
evenmatt,0.0,0.0,1.0,0.0,Neutral
market,0.0,0.0,1.0,0.0,Neutral
thepackaginga,0.0,0.0,1.0,0.0,Neutral
practic,0.0,0.0,1.0,0.0,Neutral
dermatologist,0.0,0.0,1.0,0.0,Neutral
getask,0.0,0.0,1.0,0.0,Neutral
questionsal,0.0,0.0,1.0,0.0,Neutral
time,0.0,0.0,1.0,0.0,Neutral
patient,0.0,0.0,1.0,0.0,Neutral
ask,0.0,0.0,1.0,0.0,Neutral
myperson,0.0,0.0,1.0,0.0,Neutral
recommendationsof,0.0,0.0,1.0,0.0,Neutral
brand,0.0,0.0,1.0,0.0,Neutral
well,1.0,0.0,0.0,0.2732,Positive
specif,0.0,0.0,1.0,0.0,Neutral
productswithin,0.0,0.0,1.0,0.0,Neutral
brandsso,0.0,0.0,1.0,0.0,Neutral
realli,0.0,0.0,1.0,0.0,Neutral
spend,0.0,0.0,1.0,0.0,Neutral
lot,0.0,0.0,1.0,0.0,Neutral
time,0.0,0.0,1.0,0.0,Neutral
thistop,0.0,0.0,1.0,0.0,Neutral
andaft,0.0,0.0,1.0,0.0,Neutral
review,0.0,0.0,1.0,0.0,Neutral
sunscreen,0.0,0.0,1.0,0.0,Neutral
theneutrogena,0.0,0.0,1.0,0.0,Neutral
websiteher,0.0,0.0,1.0,0.0,Neutral
breakdown,0.0,0.0,1.0,0.0,Neutral
hit,0.0,0.0,1.0,0.0,Neutral
themis,0.0,0.0,1.0,0.0,Neutral
youbut,0.0,0.0,1.0,0.0,Neutral
first,0.0,0.0,1.0,0.0,Neutral
basic,0.0,0.0,1.0,0.0,Neutral
neutrogena,0.0,0.0,1.0,0.0,Neutral
offerssunscreenin,0.0,0.0,1.0,0.0,Neutral
three,0.0,0.0,1.0,0.0,Neutral
main,0.0,0.0,1.0,0.0,Neutral
categori,0.0,0.0,1.0,0.0,Neutral
havelotionsspray,0.0,0.0,1.0,0.0,Neutral
sunscreen,0.0,0.0,1.0,0.0,Neutral
stick,0.0,0.0,1.0,0.0,Neutral
willhav,0.0,0.0,1.0,0.0,Neutral
mostopt,0.0,0.0,1.0,0.0,Neutral
choos,0.0,0.0,1.0,0.0,Neutral
lotion,0.0,0.0,1.0,0.0,Neutral
thenspraysand,0.0,0.0,1.0,0.0,Neutral
least,0.0,0.0,1.0,0.0,Neutral
amount,0.0,0.0,1.0,0.0,Neutral
option,0.0,0.0,1.0,0.0,Neutral
instick,0.0,0.0,1.0,0.0,Neutral
choic,0.0,0.0,1.0,0.0,Neutral
realli,0.0,0.0,1.0,0.0,Neutral
come,0.0,0.0,1.0,0.0,Neutral
downto,0.0,0.0,1.0,0.0,Neutral
user,0.0,0.0,1.0,0.0,Neutral
preferencea,0.0,0.0,1.0,0.0,Neutral
gener,0.0,0.0,1.0,0.0,Neutral
rule,0.0,0.0,1.0,0.0,Neutral
mostdermatologist,0.0,0.0,1.0,0.0,Neutral
recommend,1.0,0.0,0.0,0.3612,Positive
lotionsa,0.0,0.0,1.0,0.0,Neutral
tend,0.0,0.0,1.0,0.0,Neutral
effectivestick,0.0,0.0,1.0,0.0,Neutral
also,0.0,0.0,1.0,0.0,Neutral
effect,0.0,0.0,1.0,0.0,Neutral
appliedin,0.0,0.0,1.0,0.0,Neutral
appropri,0.0,0.0,1.0,0.0,Neutral
quantiti,0.0,0.0,1.0,0.0,Neutral
spraysar,0.0,0.0,1.0,0.0,Neutral
gener,0.0,0.0,1.0,0.0,Neutral
least,0.0,0.0,1.0,0.0,Neutral
effect,0.0,0.0,1.0,0.0,Neutral
ascoverag,0.0,0.0,1.0,0.0,Neutral
tend,0.0,0.0,1.0,0.0,Neutral
much,0.0,0.0,1.0,0.0,Neutral
le,0.0,0.0,1.0,0.0,Neutral
thanrecommend,0.0,0.0,1.0,0.0,Neutral
sodecid,0.0,0.0,1.0,0.0,Neutral
categori,0.0,0.0,1.0,0.0,Neutral
one,0.0,0.0,1.0,0.0,Neutral
thefirst,0.0,0.0,1.0,0.0,Neutral
step,0.0,0.0,1.0,0.0,Neutral
select,0.0,0.0,1.0,0.0,Neutral
sunscreenth,0.0,0.0,1.0,0.0,Neutral
big,0.0,0.0,1.0,0.0,Neutral
choic,0.0,0.0,1.0,0.0,Neutral
tomak,0.0,0.0,1.0,0.0,Neutral
choos,0.0,0.0,1.0,0.0,Neutral
chemicalversu,0.0,0.0,1.0,0.0,Neutral
miner,0.0,0.0,1.0,0.0,Neutral
sunscreen,0.0,0.0,1.0,0.0,Neutral
im,0.0,0.0,1.0,0.0,Neutral
notgo,0.0,0.0,1.0,0.0,Neutral
gettoo,0.0,0.0,1.0,0.0,Neutral
indepth,0.0,0.0,1.0,0.0,Neutral
formul,0.0,0.0,1.0,0.0,Neutral
ofsunscreen,0.0,0.0,1.0,0.0,Neutral
video,0.0,0.0,1.0,0.0,Neutral
insteadil,0.0,0.0,1.0,0.0,Neutral
tell,0.0,0.0,1.0,0.0,Neutral
key,0.0,0.0,1.0,0.0,Neutral
pointsabout,0.0,0.0,1.0,0.0,Neutral
chemic,0.0,0.0,1.0,0.0,Neutral
versu,0.0,0.0,1.0,0.0,Neutral
miner,0.0,0.0,1.0,0.0,Neutral
sunscreensjust,0.0,0.0,1.0,0.0,Neutral
enough,0.0,0.0,1.0,0.0,Neutral
info,0.0,0.0,1.0,0.0,Neutral
choosewhich,0.0,0.0,1.0,0.0,Neutral
one,0.0,0.0,1.0,0.0,Neutral
prefer,0.0,0.0,1.0,0.0,Neutral
ultimatelyy,0.0,0.0,1.0,0.0,Neutral
understand,0.0,0.0,1.0,0.0,Neutral
finalrecommend,0.0,0.0,1.0,0.0,Neutral
okay,1.0,0.0,0.0,0.2263,Positive
chemicalsunscreensus,0.0,0.0,1.0,0.0,Neutral
chemic,0.0,0.0,1.0,0.0,Neutral
protect,1.0,0.0,0.0,0.3818,Positive
skin,0.0,0.0,1.0,0.0,Neutral
fromth,0.0,0.0,1.0,0.0,Neutral
sunthey,0.0,0.0,1.0,0.0,Neutral
work,0.0,0.0,1.0,0.0,Neutral
absorb,0.0,0.0,1.0,0.0,Neutral
uv,0.0,0.0,1.0,0.0,Neutral
radiationin,0.0,0.0,1.0,0.0,Neutral
harm,0.0,1.0,0.0,-0.5423,Negative
spectrumand,0.0,0.0,1.0,0.0,Neutral
convert,0.0,0.0,1.0,0.0,Neutral
low,0.0,1.0,0.0,-0.2732,Negative
energi,0.0,0.0,1.0,0.0,Neutral
heatwhich,0.0,0.0,1.0,0.0,Neutral
dissip,0.0,0.0,1.0,0.0,Neutral
prevent,1.0,0.0,0.0,0.0258,Neutral
sun,0.0,0.0,1.0,0.0,Neutral
damagecompar,0.0,0.0,1.0,0.0,Neutral
miner,0.0,0.0,1.0,0.0,Neutral
sunscreenswhich,0.0,0.0,1.0,0.0,Neutral
use,0.0,0.0,1.0,0.0,Neutral
miner,0.0,0.0,1.0,0.0,Neutral
protect,1.0,0.0,0.0,0.3818,Positive
fromth,0.0,0.0,1.0,0.0,Neutral
sun,0.0,0.0,1.0,0.0,Neutral
miner,0.0,0.0,1.0,0.0,Neutral
sunscreen,0.0,0.0,1.0,0.0,Neutral
siton,0.0,0.0,1.0,0.0,Neutral
top,1.0,0.0,0.0,0.2023,Positive
skin,0.0,0.0,1.0,0.0,Neutral
reflect,0.0,0.0,1.0,0.0,Neutral
thesunlightoff,0.0,0.0,1.0,0.0,Neutral
rather,0.0,0.0,1.0,0.0,Neutral
absorb,0.0,0.0,1.0,0.0,Neutral
cantel,0.0,0.0,1.0,0.0,Neutral
type,0.0,0.0,1.0,0.0,Neutral
sunscreen,0.0,0.0,1.0,0.0,Neutral
isbi,0.0,0.0,1.0,0.0,Neutral
flip,0.0,0.0,1.0,0.0,Neutral
look,0.0,0.0,1.0,0.0,Neutral
theback,0.0,0.0,1.0,0.0,Neutral
ingredi,0.0,0.0,1.0,0.0,Neutral
labelund,0.0,0.0,1.0,0.0,Neutral
activ,0.0,0.0,1.0,0.0,Neutral
ingredi,0.0,0.0,1.0,0.0,Neutral
seeeither,0.0,0.0,1.0,0.0,Neutral
chemicalsor,0.0,0.0,1.0,0.0,Neutral
miner,0.0,0.0,1.0,0.0,Neutral
combin,0.0,0.0,1.0,0.0,Neutral
bothlist,0.0,0.0,1.0,0.0,Neutral
hereso,0.0,0.0,1.0,0.0,Neutral
six,0.0,0.0,1.0,0.0,Neutral
chemic,0.0,0.0,1.0,0.0,Neutral
commonli,0.0,0.0,1.0,0.0,Neutral
usedin,0.0,0.0,1.0,0.0,Neutral
sunscreen,0.0,0.0,1.0,0.0,Neutral
unit,0.0,0.0,1.0,0.0,Neutral
statesexampl,0.0,0.0,1.0,0.0,Neutral
includ,0.0,0.0,1.0,0.0,Neutral
oxybenzon,0.0,0.0,1.0,0.0,Neutral
andavobinzon,0.0,0.0,1.0,0.0,Neutral
realli,0.0,0.0,1.0,0.0,Neutral
commonlyusedin,0.0,0.0,1.0,0.0,Neutral
sunscreen,0.0,0.0,1.0,0.0,Neutral
twominer,0.0,0.0,1.0,0.0,Neutral
blocker,0.0,0.0,1.0,0.0,Neutral
avail,0.0,0.0,1.0,0.0,Neutral
inth,0.0,0.0,1.0,0.0,Neutral
usin,0.0,0.0,1.0,0.0,Neutral
sunscreen,0.0,0.0,1.0,0.0,Neutral
zinc,0.0,0.0,1.0,0.0,Neutral
oxideand,0.0,0.0,1.0,0.0,Neutral
titanium,0.0,0.0,1.0,0.0,Neutral
dioxid,0.0,0.0,1.0,0.0,Neutral
chemicalsand,0.0,0.0,1.0,0.0,Neutral
miner,0.0,0.0,1.0,0.0,Neutral
effectiveat,0.0,0.0,1.0,0.0,Neutral
broad,0.0,0.0,1.0,0.0,Neutral
spectrum,0.0,0.0,1.0,0.0,Neutral
coverag,0.0,0.0,1.0,0.0,Neutral
mean,0.0,0.0,1.0,0.0,Neutral
theyprotect,0.0,0.0,1.0,0.0,Neutral
uvaand,0.0,0.0,1.0,0.0,Neutral
uvb,0.0,0.0,1.0,0.0,Neutral
ray,0.0,0.0,1.0,0.0,Neutral
recommendchem,0.0,0.0,1.0,0.0,Neutral
mineralher,0.0,0.0,1.0,0.0,Neutral
deal,0.0,0.0,1.0,0.0,Neutral
chemic,0.0,0.0,1.0,0.0,Neutral
sunscreen,0.0,0.0,1.0,0.0,Neutral
haveth,0.0,0.0,1.0,0.0,Neutral
mostcontroversi,0.0,0.0,1.0,0.0,Neutral
surround,0.0,0.0,1.0,0.0,Neutral
fourmainreason,0.0,0.0,1.0,0.0,Neutral
alarm,0.0,1.0,0.0,-0.34,Negative
publicfirstther,0.0,0.0,1.0,0.0,Neutral
evid,0.0,0.0,1.0,0.0,Neutral
studi,0.0,0.0,1.0,0.0,Neutral
publishedin,0.0,0.0,1.0,0.0,Neutral
jama,0.0,0.0,1.0,0.0,Neutral
major,0.0,0.0,1.0,0.0,Neutral
medic,0.0,0.0,1.0,0.0,Neutral
journalthat,0.0,0.0,1.0,0.0,Neutral
chemic,0.0,0.0,1.0,0.0,Neutral
sunscreensspecif,0.0,0.0,1.0,0.0,Neutral
oxybenzonei,0.0,0.0,1.0,0.0,Neutral
absorb,0.0,0.0,1.0,0.0,Neutral
blood,0.0,0.0,1.0,0.0,Neutral
highquant,0.0,0.0,1.0,0.0,Neutral
appli,0.0,0.0,1.0,0.0,Neutral
skinfor,0.0,0.0,1.0,0.0,Neutral
sun,0.0,0.0,1.0,0.0,Neutral
protect,1.0,0.0,0.0,0.3818,Positive
find,0.0,0.0,1.0,0.0,Neutral
wasveri,0.0,0.0,1.0,0.0,Neutral
alarm,0.0,1.0,0.0,-0.34,Negative
public,0.0,0.0,1.0,0.0,Neutral
itstir,0.0,0.0,1.0,0.0,Neutral
lot,0.0,0.0,1.0,0.0,Neutral
controversyth,0.0,0.0,1.0,0.0,Neutral
problem,0.0,1.0,0.0,-0.4019,Negative
isol,0.0,0.0,1.0,0.0,Neutral
findingi,0.0,0.0,1.0,0.0,Neutral
dont,0.0,0.0,1.0,0.0,Neutral
knowth,0.0,0.0,1.0,0.0,Neutral
TRUE,1.0,0.0,0.0,0.4215,Positive
signific,0.0,0.0,1.0,0.0,Neutral
findingyesit,0.0,0.0,1.0,0.0,Neutral
found,0.0,0.0,1.0,0.0,Neutral
blood,0.0,0.0,1.0,0.0,Neutral
itsbrief,0.0,0.0,1.0,0.0,Neutral
presenc,0.0,0.0,1.0,0.0,Neutral
therecaus,0.0,0.0,1.0,0.0,Neutral
harm,0.0,1.0,0.0,-0.5423,Negative
longterm,0.0,0.0,1.0,0.0,Neutral
effect,0.0,0.0,1.0,0.0,Neutral
wene,0.0,0.0,1.0,0.0,Neutral
research,0.0,0.0,1.0,0.0,Neutral
realli,0.0,0.0,1.0,0.0,Neutral
understandth,0.0,0.0,1.0,0.0,Neutral
full,0.0,0.0,1.0,0.0,Neutral
pictur,0.0,0.0,1.0,0.0,Neutral
herebut,0.0,0.0,1.0,0.0,Neutral
nonetheless,0.0,0.0,1.0,0.0,Neutral
find,0.0,0.0,1.0,0.0,Neutral
haver,0.0,0.0,1.0,0.0,Neutral
reinvigor,0.0,0.0,1.0,0.0,Neutral
waron,0.0,0.0,1.0,0.0,Neutral
sunscreen,0.0,0.0,1.0,0.0,Neutral
especi,0.0,0.0,1.0,0.0,Neutral
chemicalsunscreenssecond,0.0,0.0,1.0,0.0,Neutral
oxybenzon,0.0,0.0,1.0,0.0,Neutral
chemic,0.0,0.0,1.0,0.0,Neutral
isfound,0.0,0.0,1.0,0.0,Neutral
mani,0.0,0.0,1.0,0.0,Neutral
sunscreensi,0.0,0.0,1.0,0.0,Neutral
thought,0.0,0.0,1.0,0.0,Neutral
endocrinedisruptor,0.0,0.0,1.0,0.0,Neutral
mean,0.0,0.0,1.0,0.0,Neutral
affect,0.0,0.0,1.0,0.0,Neutral
thehormon,0.0,0.0,1.0,0.0,Neutral
bodi,0.0,0.0,1.0,0.0,Neutral
claim,0.0,0.0,1.0,0.0,Neutral
cameabout,0.0,0.0,1.0,0.0,Neutral
studiesdon,0.0,0.0,1.0,0.0,Neutral
lab,0.0,0.0,1.0,0.0,Neutral
set,0.0,0.0,1.0,0.0,Neutral
need,0.0,0.0,1.0,0.0,Neutral
furtherstudi,0.0,0.0,1.0,0.0,Neutral
fulli,0.0,0.0,1.0,0.0,Neutral
understandand,0.0,0.0,1.0,0.0,Neutral
clarifi,0.0,0.0,1.0,0.0,Neutral
associ,0.0,0.0,1.0,0.0,Neutral
withhormon,0.0,0.0,1.0,0.0,Neutral
disrupt,0.0,0.0,1.0,0.0,Neutral
child,0.0,0.0,1.0,0.0,Neutral
andadultsbut,0.0,0.0,1.0,0.0,Neutral
remain,0.0,0.0,1.0,0.0,Neutral
approv,0.0,0.0,1.0,0.0,Neutral
forus,0.0,0.0,1.0,0.0,Neutral
inmani,0.0,0.0,1.0,0.0,Neutral
product,0.0,0.0,1.0,0.0,Neutral
unsubstantiatedeffect,0.0,0.0,1.0,0.0,Neutral
human,0.0,0.0,1.0,0.0,Neutral
subject,0.0,0.0,1.0,0.0,Neutral
withtop,0.0,0.0,1.0,0.0,Neutral
use,0.0,0.0,1.0,0.0,Neutral
enough,0.0,0.0,1.0,0.0,Neutral
make,0.0,0.0,1.0,0.0,Neutral
somepeopl,0.0,0.0,1.0,0.0,Neutral
waryabout,0.0,0.0,1.0,0.0,Neutral
use,0.0,0.0,1.0,0.0,Neutral
rather,0.0,0.0,1.0,0.0,Neutral
wait,0.0,0.0,1.0,0.0,Neutral
forconfirmatori,0.0,0.0,1.0,0.0,Neutral
studiespeopl,0.0,0.0,1.0,0.0,Neutral
reject,0.0,1.0,0.0,-0.4019,Negative
use,0.0,0.0,1.0,0.0,Neutral
altogethernow,0.0,0.0,1.0,0.0,Neutral
better,1.0,0.0,0.0,0.4404,Positive
safe,1.0,0.0,0.0,0.4404,Positive
sorri,0.0,0.0,1.0,0.0,Neutral
approachand,0.0,0.0,1.0,0.0,Neutral
that,0.0,0.0,1.0,0.0,Neutral
total,0.0,0.0,1.0,0.0,Neutral
fine,1.0,0.0,0.0,0.2023,Positive
get,0.0,0.0,1.0,0.0,Neutral
thirdchemicalsand,0.0,0.0,1.0,0.0,Neutral
sunscreen,0.0,0.0,1.0,0.0,Neutral
known,0.0,0.0,1.0,0.0,Neutral
causeallerg,0.0,0.0,1.0,0.0,Neutral
reactionsso,0.0,0.0,1.0,0.0,Neutral
mani,0.0,0.0,1.0,0.0,Neutral
peopl,0.0,0.0,1.0,0.0,Neutral
find,0.0,0.0,1.0,0.0,Neutral
break,0.0,0.0,1.0,0.0,Neutral
outinto,0.0,0.0,1.0,0.0,Neutral
rash,0.0,1.0,0.0,-0.4019,Negative
use,0.0,0.0,1.0,0.0,Neutral
sunscreenther,0.0,0.0,1.0,0.0,Neutral
mani,0.0,0.0,1.0,0.0,Neutral
ingredi,0.0,0.0,1.0,0.0,Neutral
arecommonli,0.0,0.0,1.0,0.0,Neutral
found,0.0,0.0,1.0,0.0,Neutral
sunscreen,0.0,0.0,1.0,0.0,Neutral
may,0.0,0.0,1.0,0.0,Neutral
beth,0.0,0.0,1.0,0.0,Neutral
culprit,0.0,0.0,1.0,0.0,Neutral
rashbut,0.0,0.0,1.0,0.0,Neutral
chemic,0.0,0.0,1.0,0.0,Neutral
sunblock,0.0,0.0,1.0,0.0,Neutral
thetop,0.0,0.0,1.0,0.0,Neutral
list,0.0,0.0,1.0,0.0,Neutral
frequentoffend,0.0,0.0,1.0,0.0,Neutral
reasonmani,0.0,0.0,1.0,0.0,Neutral
peopl,0.0,0.0,1.0,0.0,Neutral
avoid,0.0,1.0,0.0,-0.296,Negative
chemicalsunscreen,0.0,0.0,1.0,0.0,Neutral
insteadopt,0.0,0.0,1.0,0.0,Neutral
miner,0.0,0.0,1.0,0.0,Neutral
one,0.0,0.0,1.0,0.0,Neutral
haveless,0.0,0.0,1.0,0.0,Neutral
chanc,0.0,0.0,1.0,0.0,Neutral
caus,0.0,0.0,1.0,0.0,Neutral
rash,0.0,1.0,0.0,-0.4019,Negative
theskin,0.0,0.0,1.0,0.0,Neutral
fourthther,0.0,0.0,1.0,0.0,Neutral
controversi,0.0,0.0,1.0,0.0,Neutral
aboutoxybenzon,0.0,0.0,1.0,0.0,Neutral
destroy,0.0,1.0,0.0,-0.5423,Negative
coral,0.0,0.0,1.0,0.0,Neutral
reef,0.0,0.0,1.0,0.0,Neutral
youwil,0.0,0.0,1.0,0.0,Neutral
seea,0.0,0.0,1.0,0.0,Neutral
new,0.0,0.0,1.0,0.0,Neutral
market,0.0,0.0,1.0,0.0,Neutral
push,0.0,0.0,1.0,0.0,Neutral
reef,0.0,0.0,1.0,0.0,Neutral
safesunscreensthat,0.0,0.0,1.0,0.0,Neutral
formul,0.0,0.0,1.0,0.0,Neutral
without,0.0,0.0,1.0,0.0,Neutral
thischem,0.0,0.0,1.0,0.0,Neutral
reasonschem,0.0,0.0,1.0,0.0,Neutral
sunscreen,0.0,0.0,1.0,0.0,Neutral
controversialand,0.0,0.0,1.0,0.0,Neutral
lead,0.0,0.0,1.0,0.0,Neutral
mani,0.0,0.0,1.0,0.0,Neutral
peopleto,0.0,0.0,1.0,0.0,Neutral
refus,0.0,0.0,1.0,0.0,Neutral
togeth,0.0,0.0,1.0,0.0,Neutral
opt,0.0,0.0,1.0,0.0,Neutral
foronli,0.0,0.0,1.0,0.0,Neutral
physic,0.0,0.0,1.0,0.0,Neutral
orminer,0.0,0.0,1.0,0.0,Neutral
sunscreen,0.0,0.0,1.0,0.0,Neutral
miner,0.0,0.0,1.0,0.0,Neutral
sunblockslik,0.0,0.0,1.0,0.0,Neutral
mention,0.0,0.0,1.0,0.0,Neutral
sit,0.0,0.0,1.0,0.0,Neutral
top,1.0,0.0,0.0,0.2023,Positive
skinthey,0.0,0.0,1.0,0.0,Neutral
inorgan,0.0,0.0,1.0,0.0,Neutral
nonabsorptiveblockersin,0.0,0.0,1.0,0.0,Neutral
arent,0.0,0.0,1.0,0.0,Neutral
like,1.0,0.0,0.0,0.3612,Positive
beabsorb,0.0,0.0,1.0,0.0,Neutral
bloodstream,0.0,0.0,1.0,0.0,Neutral
sameway,0.0,0.0,1.0,0.0,Neutral
chemic,0.0,0.0,1.0,0.0,Neutral
areand,0.0,0.0,1.0,0.0,Neutral
miner,0.0,0.0,1.0,0.0,Neutral
far,0.0,0.0,1.0,0.0,Neutral
le,0.0,0.0,1.0,0.0,Neutral
likelyto,0.0,0.0,1.0,0.0,Neutral
caus,0.0,0.0,1.0,0.0,Neutral
rash,0.0,1.0,0.0,-0.4019,Negative
skinso,0.0,0.0,1.0,0.0,Neutral
far,0.0,0.0,1.0,0.0,Neutral
seem,0.0,0.0,1.0,0.0,Neutral
like,1.0,0.0,0.0,0.3612,Positive
miner,0.0,0.0,1.0,0.0,Neutral
sunscreensar,0.0,0.0,1.0,0.0,Neutral
slam,0.0,1.0,0.0,-0.3818,Negative
dunk,0.0,0.0,1.0,0.0,Neutral
chemic,0.0,0.0,1.0,0.0,Neutral
sunscreenseven,0.0,0.0,1.0,0.0,Neutral
existit,0.0,0.0,1.0,0.0,Neutral
cosmet,0.0,0.0,1.0,0.0,Neutral
appeal,0.0,0.0,1.0,0.0,Neutral
ofth,0.0,0.0,1.0,0.0,Neutral
chemic,0.0,0.0,1.0,0.0,Neutral
sunscreensso,0.0,0.0,1.0,0.0,Neutral
chemic,0.0,0.0,1.0,0.0,Neutral
sunscreen,0.0,0.0,1.0,0.0,Neutral
waymor,0.0,0.0,1.0,0.0,Neutral
userfriendli,0.0,0.0,1.0,0.0,Neutral
like,1.0,0.0,0.0,0.3612,Positive
say,0.0,0.0,1.0,0.0,Neutral
sothey,0.0,0.0,1.0,0.0,Neutral
rubin,0.0,0.0,1.0,0.0,Neutral
easili,0.0,0.0,1.0,0.0,Neutral
also,0.0,0.0,1.0,0.0,Neutral
removedin,0.0,0.0,1.0,0.0,Neutral
shower,0.0,0.0,1.0,0.0,Neutral
easili,0.0,0.0,1.0,0.0,Neutral
blendinto,0.0,0.0,1.0,0.0,Neutral
skin,0.0,0.0,1.0,0.0,Neutral
easili,0.0,0.0,1.0,0.0,Neutral
worn,0.0,1.0,0.0,-0.296,Negative
undermakeup,0.0,0.0,1.0,0.0,Neutral
ingener,0.0,0.0,1.0,0.0,Neutral
great,1.0,0.0,0.0,0.6249,Positive
block,0.0,1.0,0.0,-0.4404,Negative
sunnow,0.0,0.0,1.0,0.0,Neutral
miner,0.0,0.0,1.0,0.0,Neutral
blockersar,0.0,0.0,1.0,0.0,Neutral
notori,0.0,0.0,1.0,0.0,Neutral
leav,0.0,0.0,1.0,0.0,Neutral
whitecastlook,0.0,0.0,1.0,0.0,Neutral
skin,0.0,0.0,1.0,0.0,Neutral
harder,0.0,0.0,1.0,0.0,Neutral
rubin,0.0,0.0,1.0,0.0,Neutral
removeand,0.0,0.0,1.0,0.0,Neutral
tough,0.0,1.0,0.0,-0.128,Negative
wear,0.0,0.0,1.0,0.0,Neutral
undermakeup,0.0,0.0,1.0,0.0,Neutral
peopl,0.0,0.0,1.0,0.0,Neutral
sonew,0.0,0.0,1.0,0.0,Neutral
technolog,0.0,0.0,1.0,0.0,Neutral
help,1.0,0.0,0.0,0.4019,Positive
improv,0.0,0.0,1.0,0.0,Neutral
thisand,0.0,0.0,1.0,0.0,Neutral
alsosom,0.0,0.0,1.0,0.0,Neutral
brand,0.0,0.0,1.0,0.0,Neutral
add,0.0,0.0,1.0,0.0,Neutral
tent,0.0,0.0,1.0,0.0,Neutral
color,0.0,0.0,1.0,0.0,Neutral
totheir,0.0,0.0,1.0,0.0,Neutral
sunscreen,0.0,0.0,1.0,0.0,Neutral
help,1.0,0.0,0.0,0.4019,Positive
decreas,0.0,0.0,1.0,0.0,Neutral
thiswhit,0.0,0.0,1.0,0.0,Neutral
castto,0.0,0.0,1.0,0.0,Neutral
extent,0.0,0.0,1.0,0.0,Neutral
realli,0.0,0.0,1.0,0.0,Neutral
comesdown,0.0,0.0,1.0,0.0,Neutral
pro,0.0,0.0,1.0,0.0,Neutral
versu,0.0,0.0,1.0,0.0,Neutral
con,0.0,0.0,1.0,0.0,Neutral
situationin,0.0,0.0,1.0,0.0,Neutral
choos,0.0,0.0,1.0,0.0,Neutral
sunscreen,0.0,0.0,1.0,0.0,Neutral
that,0.0,0.0,1.0,0.0,Neutral
rightfor,0.0,0.0,1.0,0.0,Neutral
person,0.0,0.0,1.0,0.0,Neutral
decisionso,0.0,0.0,1.0,0.0,Neutral
use,0.0,0.0,1.0,0.0,Neutral
stick,0.0,0.0,1.0,0.0,Neutral
mineralsunscreen,0.0,0.0,1.0,0.0,Neutral
much,0.0,0.0,1.0,0.0,Neutral
possibleand,0.0,0.0,1.0,0.0,Neutral
recommend,1.0,0.0,0.0,0.3612,Positive
miner,0.0,0.0,1.0,0.0,Neutral
sunscreensexclusivelyfor,0.0,0.0,1.0,0.0,Neutral
babi,0.0,0.0,1.0,0.0,Neutral
child,0.0,0.0,1.0,0.0,Neutral
well,1.0,0.0,0.0,0.2732,Positive
aspregn,0.0,0.0,1.0,0.0,Neutral
nurs,0.0,0.0,1.0,0.0,Neutral
mothersa,0.0,0.0,1.0,0.0,Neutral
chemic,0.0,0.0,1.0,0.0,Neutral
found,0.0,0.0,1.0,0.0,Neutral
inmoth,0.0,0.0,1.0,0.0,Neutral
bre,0.0,0.0,1.0,0.0,Neutral
